seed,strength,policy,uncertainty_bounds,safety_margin,selected,failed_any,successful,worst_auc
200,1.0,epsilon_shift,False,0.0,True,False,True,0.8053006338190491
200,1.0,epsilon_shift,False,0.005,False,False,False,
200,1.0,epsilon_shift,False,0.01,False,False,False,
200,1.0,epsilon_shift,False,0.02,False,False,False,
200,1.0,epsilon_shift,True,0.0,False,False,False,
200,1.0,epsilon_shift,True,0.005,False,False,False,
200,1.0,epsilon_shift,True,0.01,False,False,False,
200,1.0,epsilon_shift,True,0.02,False,False,False,
200,1.0,epsilon_source,False,0.0,True,False,True,0.8053006338190491
200,1.0,epsilon_source,False,0.005,False,False,False,
200,1.0,epsilon_source,False,0.01,False,False,False,
200,1.0,epsilon_source,False,0.02,False,False,False,
200,1.0,epsilon_source,True,0.0,False,False,False,
200,1.0,epsilon_source,True,0.005,False,False,False,
200,1.0,epsilon_source,True,0.01,False,False,False,
200,1.0,epsilon_source,True,0.02,False,False,False,
200,1.0,joint_clip_shift,False,0.0,True,False,True,0.8068098261247759
200,1.0,joint_clip_shift,False,0.005,True,False,True,0.8068098261247759
200,1.0,joint_clip_shift,False,0.01,True,False,True,0.8068098261247759
200,1.0,joint_clip_shift,False,0.02,True,False,True,0.822010219119704
200,1.0,joint_clip_shift,True,0.0,True,False,True,0.8068098261247759
200,1.0,joint_clip_shift,True,0.005,True,False,True,0.822010219119704
200,1.0,joint_clip_shift,True,0.01,True,False,True,0.822010219119704
200,1.0,joint_clip_shift,True,0.02,True,False,True,0.822010219119704
200,1.0,joint_clip_source,False,0.0,True,False,True,0.8068098261247759
200,1.0,joint_clip_source,False,0.005,True,False,True,0.8068098261247759
200,1.0,joint_clip_source,False,0.01,True,False,True,0.8068098261247759
200,1.0,joint_clip_source,False,0.02,True,False,True,0.822010219119704
200,1.0,joint_clip_source,True,0.0,True,False,True,0.8068098261247759
200,1.0,joint_clip_source,True,0.005,True,False,True,0.822010219119704
200,1.0,joint_clip_source,True,0.01,True,False,True,0.822010219119704
200,1.0,joint_clip_source,True,0.02,True,False,True,0.822010219119704
200,1.0,joint_recipe_proxy,False,0.0,True,False,True,0.8068098261247759
200,1.0,joint_recipe_proxy,False,0.005,True,False,True,0.8068098261247759
200,1.0,joint_recipe_proxy,False,0.01,True,False,True,0.8068098261247759
200,1.0,joint_recipe_proxy,False,0.02,True,False,True,0.8226339212612551
200,1.0,joint_recipe_proxy,True,0.0,True,False,True,0.8068098261247759
200,1.0,joint_recipe_proxy,True,0.005,True,False,True,0.8125691626225111
200,1.0,joint_recipe_proxy,True,0.01,True,False,True,0.8226339212612551
200,1.0,joint_recipe_proxy,True,0.02,True,False,True,0.8226339212612551
200,1.0,joint_recipe_shift,False,0.0,True,False,True,0.8068098261247759
200,1.0,joint_recipe_shift,False,0.005,True,False,True,0.8068098261247759
200,1.0,joint_recipe_shift,False,0.01,True,False,True,0.8068098261247759
200,1.0,joint_recipe_shift,False,0.02,True,False,True,0.8226339212612551
200,1.0,joint_recipe_shift,True,0.0,True,False,True,0.8068098261247759
200,1.0,joint_recipe_shift,True,0.005,True,False,True,0.8226339212612551
200,1.0,joint_recipe_shift,True,0.01,True,False,True,0.8226339212612551
200,1.0,joint_recipe_shift,True,0.02,True,False,True,0.8226339212612551
200,1.0,joint_recipe_source,False,0.0,True,False,True,0.8068098261247759
200,1.0,joint_recipe_source,False,0.005,True,False,True,0.8068098261247759
200,1.0,joint_recipe_source,False,0.01,True,False,True,0.8068098261247759
200,1.0,joint_recipe_source,False,0.02,True,False,True,0.8226339212612551
200,1.0,joint_recipe_source,True,0.0,True,False,True,0.8068098261247759
200,1.0,joint_recipe_source,True,0.005,True,False,True,0.8125691626225111
200,1.0,joint_recipe_source,True,0.01,True,False,True,0.8226339212612551
200,1.0,joint_recipe_source,True,0.02,True,False,True,0.8226339212612551
200,1.0,logistic_shift,False,0.0,True,False,True,0.8117472942486945
200,1.0,logistic_shift,False,0.005,True,False,True,0.8117472942486945
200,1.0,logistic_shift,False,0.01,True,False,True,0.8117472942486945
200,1.0,logistic_shift,False,0.02,True,False,True,0.8207575999357524
200,1.0,logistic_shift,True,0.0,True,False,True,0.8207575999357524
200,1.0,logistic_shift,True,0.005,True,False,True,0.8207575999357524
200,1.0,logistic_shift,True,0.01,True,False,True,0.8207575999357524
200,1.0,logistic_shift,True,0.02,False,False,False,
201,1.0,epsilon_shift,False,0.0,False,False,False,
201,1.0,epsilon_shift,False,0.005,False,False,False,
201,1.0,epsilon_shift,False,0.01,False,False,False,
201,1.0,epsilon_shift,False,0.02,False,False,False,
201,1.0,epsilon_shift,True,0.0,False,False,False,
201,1.0,epsilon_shift,True,0.005,False,False,False,
201,1.0,epsilon_shift,True,0.01,False,False,False,
201,1.0,epsilon_shift,True,0.02,False,False,False,
201,1.0,epsilon_source,False,0.0,False,False,False,
201,1.0,epsilon_source,False,0.005,False,False,False,
201,1.0,epsilon_source,False,0.01,False,False,False,
201,1.0,epsilon_source,False,0.02,False,False,False,
201,1.0,epsilon_source,True,0.0,False,False,False,
201,1.0,epsilon_source,True,0.005,False,False,False,
201,1.0,epsilon_source,True,0.01,False,False,False,
201,1.0,epsilon_source,True,0.02,False,False,False,
201,1.0,joint_clip_shift,False,0.0,True,False,True,0.8091022934780787
201,1.0,joint_clip_shift,False,0.005,True,False,True,0.8236825903402524
201,1.0,joint_clip_shift,False,0.01,True,False,True,0.8236825903402524
201,1.0,joint_clip_shift,False,0.02,True,False,True,0.8236825903402524
201,1.0,joint_clip_shift,True,0.0,True,False,True,0.8236825903402524
201,1.0,joint_clip_shift,True,0.005,True,False,True,0.8236825903402524
201,1.0,joint_clip_shift,True,0.01,True,False,True,0.8236825903402524
201,1.0,joint_clip_shift,True,0.02,True,False,True,0.8236825903402524
201,1.0,joint_clip_source,False,0.0,True,False,True,0.8091022934780787
201,1.0,joint_clip_source,False,0.005,True,False,True,0.8091022934780787
201,1.0,joint_clip_source,False,0.01,True,False,True,0.8091022934780787
201,1.0,joint_clip_source,False,0.02,True,False,True,0.8236825903402524
201,1.0,joint_clip_source,True,0.0,True,False,True,0.8091022934780787
201,1.0,joint_clip_source,True,0.005,True,False,True,0.8236825903402524
201,1.0,joint_clip_source,True,0.01,True,False,True,0.8236825903402524
201,1.0,joint_clip_source,True,0.02,True,False,True,0.8236825903402524
201,1.0,joint_recipe_proxy,False,0.0,True,False,True,0.8091022934780787
201,1.0,joint_recipe_proxy,False,0.005,True,False,True,0.8091022934780787
201,1.0,joint_recipe_proxy,False,0.01,True,False,True,0.8091022934780787
201,1.0,joint_recipe_proxy,False,0.02,True,False,True,0.8243171081067497
201,1.0,joint_recipe_proxy,True,0.0,True,False,True,0.8091022934780787
201,1.0,joint_recipe_proxy,True,0.005,True,False,True,0.8243171081067497
201,1.0,joint_recipe_proxy,True,0.01,True,False,True,0.8243171081067497
201,1.0,joint_recipe_proxy,True,0.02,True,False,True,0.8243171081067497
201,1.0,joint_recipe_shift,False,0.0,True,False,True,0.8091022934780787
201,1.0,joint_recipe_shift,False,0.005,True,False,True,0.8143941297683068
201,1.0,joint_recipe_shift,False,0.01,True,False,True,0.8143941297683068
201,1.0,joint_recipe_shift,False,0.02,True,False,True,0.8243171081067497
201,1.0,joint_recipe_shift,True,0.0,True,False,True,0.8243171081067497
201,1.0,joint_recipe_shift,True,0.005,True,False,True,0.8243171081067497
201,1.0,joint_recipe_shift,True,0.01,True,False,True,0.8243171081067497
201,1.0,joint_recipe_shift,True,0.02,True,False,True,0.8243171081067497
201,1.0,joint_recipe_source,False,0.0,True,False,True,0.8091022934780787
201,1.0,joint_recipe_source,False,0.005,True,False,True,0.8091022934780787
201,1.0,joint_recipe_source,False,0.01,True,False,True,0.8091022934780787
201,1.0,joint_recipe_source,False,0.02,True,False,True,0.8243171081067497
201,1.0,joint_recipe_source,True,0.0,True,False,True,0.8091022934780787
201,1.0,joint_recipe_source,True,0.005,True,False,True,0.8243171081067497
201,1.0,joint_recipe_source,True,0.01,True,False,True,0.8243171081067497
201,1.0,joint_recipe_source,True,0.02,True,False,True,0.8243171081067497
201,1.0,logistic_shift,False,0.0,True,False,True,0.8073804049186645
201,1.0,logistic_shift,False,0.005,True,False,True,0.8181090951734767
201,1.0,logistic_shift,False,0.01,True,False,True,0.8181090951734767
201,1.0,logistic_shift,False,0.02,False,False,False,
201,1.0,logistic_shift,True,0.0,True,False,True,0.8181090951734767
201,1.0,logistic_shift,True,0.005,True,False,True,0.8181090951734767
201,1.0,logistic_shift,True,0.01,False,False,False,
201,1.0,logistic_shift,True,0.02,False,False,False,
202,1.0,epsilon_shift,False,0.0,True,False,True,0.8234770274360794
202,1.0,epsilon_shift,False,0.005,True,False,True,0.8234770274360794
202,1.0,epsilon_shift,False,0.01,False,False,False,
202,1.0,epsilon_shift,False,0.02,False,False,False,
202,1.0,epsilon_shift,True,0.0,False,False,False,
202,1.0,epsilon_shift,True,0.005,False,False,False,
202,1.0,epsilon_shift,True,0.01,False,False,False,
202,1.0,epsilon_shift,True,0.02,False,False,False,
202,1.0,epsilon_source,False,0.0,True,False,True,0.8234770274360794
202,1.0,epsilon_source,False,0.005,True,False,True,0.8234770274360794
202,1.0,epsilon_source,False,0.01,False,False,False,
202,1.0,epsilon_source,False,0.02,False,False,False,
202,1.0,epsilon_source,True,0.0,False,False,False,
202,1.0,epsilon_source,True,0.005,False,False,False,
202,1.0,epsilon_source,True,0.01,False,False,False,
202,1.0,epsilon_source,True,0.02,False,False,False,
202,1.0,joint_clip_shift,False,0.0,True,False,True,0.8413889431267234
202,1.0,joint_clip_shift,False,0.005,True,False,True,0.8413889431267234
202,1.0,joint_clip_shift,False,0.01,True,False,True,0.8413889431267234
202,1.0,joint_clip_shift,False,0.02,True,False,True,0.8413889431267234
202,1.0,joint_clip_shift,True,0.0,True,False,True,0.8413889431267234
202,1.0,joint_clip_shift,True,0.005,True,False,True,0.8413889431267234
202,1.0,joint_clip_shift,True,0.01,True,False,True,0.8418362761232655
202,1.0,joint_clip_shift,True,0.02,True,False,True,0.8418362761232655
202,1.0,joint_clip_source,False,0.0,True,False,True,0.8413889431267234
202,1.0,joint_clip_source,False,0.005,True,False,True,0.8413889431267234
202,1.0,joint_clip_source,False,0.01,True,False,True,0.8413889431267234
202,1.0,joint_clip_source,False,0.02,True,False,True,0.8413889431267234
202,1.0,joint_clip_source,True,0.0,True,False,True,0.8413889431267234
202,1.0,joint_clip_source,True,0.005,True,False,True,0.8413889431267234
202,1.0,joint_clip_source,True,0.01,True,False,True,0.8418362761232655
202,1.0,joint_clip_source,True,0.02,True,False,True,0.8418362761232655
202,1.0,joint_recipe_proxy,False,0.0,True,False,True,0.8413889431267234
202,1.0,joint_recipe_proxy,False,0.005,True,False,True,0.8413889431267234
202,1.0,joint_recipe_proxy,False,0.01,True,False,True,0.8413889431267234
202,1.0,joint_recipe_proxy,False,0.02,True,False,True,0.8413889431267234
202,1.0,joint_recipe_proxy,True,0.0,True,False,True,0.8413889431267234
202,1.0,joint_recipe_proxy,True,0.005,True,False,True,0.8413889431267234
202,1.0,joint_recipe_proxy,True,0.01,True,False,True,0.8359661927829587
202,1.0,joint_recipe_proxy,True,0.02,True,False,True,0.8359661927829587
202,1.0,joint_recipe_shift,False,0.0,True,False,True,0.8413889431267234
202,1.0,joint_recipe_shift,False,0.005,True,False,True,0.8413889431267234
202,1.0,joint_recipe_shift,False,0.01,True,False,True,0.8413889431267234
202,1.0,joint_recipe_shift,False,0.02,True,False,True,0.8413889431267234
202,1.0,joint_recipe_shift,True,0.0,True,False,True,0.8413889431267234
202,1.0,joint_recipe_shift,True,0.005,True,False,True,0.8413889431267234
202,1.0,joint_recipe_shift,True,0.01,True,False,True,0.8359661927829587
202,1.0,joint_recipe_shift,True,0.02,True,False,True,0.8359661927829587
202,1.0,joint_recipe_source,False,0.0,True,False,True,0.8413889431267234
202,1.0,joint_recipe_source,False,0.005,True,False,True,0.8413889431267234
202,1.0,joint_recipe_source,False,0.01,True,False,True,0.8413889431267234
202,1.0,joint_recipe_source,False,0.02,True,False,True,0.8413889431267234
202,1.0,joint_recipe_source,True,0.0,True,False,True,0.8413889431267234
202,1.0,joint_recipe_source,True,0.005,True,False,True,0.8413889431267234
202,1.0,joint_recipe_source,True,0.01,True,False,True,0.8359661927829587
202,1.0,joint_recipe_source,True,0.02,True,False,True,0.8359661927829587
202,1.0,logistic_shift,False,0.0,True,False,True,0.825336610331636
202,1.0,logistic_shift,False,0.005,True,False,True,0.825336610331636
202,1.0,logistic_shift,False,0.01,True,False,True,0.825336610331636
202,1.0,logistic_shift,False,0.02,True,False,True,0.8309670140987376
202,1.0,logistic_shift,True,0.0,True,False,True,0.8309670140987376
202,1.0,logistic_shift,True,0.005,True,False,True,0.8309670140987376
202,1.0,logistic_shift,True,0.01,True,False,True,0.8309670140987376
202,1.0,logistic_shift,True,0.02,False,False,False,
203,1.0,epsilon_shift,False,0.0,False,False,False,
203,1.0,epsilon_shift,False,0.005,False,False,False,
203,1.0,epsilon_shift,False,0.01,False,False,False,
203,1.0,epsilon_shift,False,0.02,False,False,False,
203,1.0,epsilon_shift,True,0.0,False,False,False,
203,1.0,epsilon_shift,True,0.005,False,False,False,
203,1.0,epsilon_shift,True,0.01,False,False,False,
203,1.0,epsilon_shift,True,0.02,False,False,False,
203,1.0,epsilon_source,False,0.0,True,False,True,0.7995569420238613
203,1.0,epsilon_source,False,0.005,True,False,True,0.7995569420238613
203,1.0,epsilon_source,False,0.01,True,False,True,0.8015125298422703
203,1.0,epsilon_source,False,0.02,False,False,False,
203,1.0,epsilon_source,True,0.0,False,False,False,
203,1.0,epsilon_source,True,0.005,False,False,False,
203,1.0,epsilon_source,True,0.01,False,False,False,
203,1.0,epsilon_source,True,0.02,False,False,False,
203,1.0,joint_clip_shift,False,0.0,True,False,True,0.8030999456607332
203,1.0,joint_clip_shift,False,0.005,True,False,True,0.8030999456607332
203,1.0,joint_clip_shift,False,0.01,True,False,True,0.8218151818279479
203,1.0,joint_clip_shift,False,0.02,True,False,True,0.8218151818279479
203,1.0,joint_clip_shift,True,0.0,True,False,True,0.8218151818279479
203,1.0,joint_clip_shift,True,0.005,True,False,True,0.8218151818279479
203,1.0,joint_clip_shift,True,0.01,True,False,True,0.8218151818279479
203,1.0,joint_clip_shift,True,0.02,True,False,True,0.8218151818279479
203,1.0,joint_clip_source,False,0.0,True,False,True,0.8030999456607332
203,1.0,joint_clip_source,False,0.005,True,False,True,0.8030999456607332
203,1.0,joint_clip_source,False,0.01,True,False,True,0.8030999456607332
203,1.0,joint_clip_source,False,0.02,True,False,True,0.8218151818279479
203,1.0,joint_clip_source,True,0.0,True,False,True,0.8030999456607332
203,1.0,joint_clip_source,True,0.005,True,False,True,0.8030999456607332
203,1.0,joint_clip_source,True,0.01,True,False,True,0.8218151818279479
203,1.0,joint_clip_source,True,0.02,True,False,True,0.8218151818279479
203,1.0,joint_recipe_proxy,False,0.0,True,False,True,0.8030999456607332
203,1.0,joint_recipe_proxy,False,0.005,True,False,True,0.8030999456607332
203,1.0,joint_recipe_proxy,False,0.01,True,False,True,0.8030999456607332
203,1.0,joint_recipe_proxy,False,0.02,True,False,True,0.8231689700883718
203,1.0,joint_recipe_proxy,True,0.0,True,False,True,0.8030999456607332
203,1.0,joint_recipe_proxy,True,0.005,True,False,True,0.8030999456607332
203,1.0,joint_recipe_proxy,True,0.01,True,False,True,0.8231689700883718
203,1.0,joint_recipe_proxy,True,0.02,True,False,True,0.8231689700883718
203,1.0,joint_recipe_shift,False,0.0,True,False,True,0.8030999456607332
203,1.0,joint_recipe_shift,False,0.005,True,False,True,0.8030999456607332
203,1.0,joint_recipe_shift,False,0.01,True,False,True,0.8085297004248059
203,1.0,joint_recipe_shift,False,0.02,True,False,True,0.8231689700883718
203,1.0,joint_recipe_shift,True,0.0,True,False,True,0.8085297004248059
203,1.0,joint_recipe_shift,True,0.005,True,False,True,0.8085297004248059
203,1.0,joint_recipe_shift,True,0.01,True,False,True,0.8231689700883718
203,1.0,joint_recipe_shift,True,0.02,True,False,True,0.8231689700883718
203,1.0,joint_recipe_source,False,0.0,True,False,True,0.8030999456607332
203,1.0,joint_recipe_source,False,0.005,True,False,True,0.8030999456607332
203,1.0,joint_recipe_source,False,0.01,True,False,True,0.8030999456607332
203,1.0,joint_recipe_source,False,0.02,True,False,True,0.8231689700883718
203,1.0,joint_recipe_source,True,0.0,True,False,True,0.8030999456607332
203,1.0,joint_recipe_source,True,0.005,True,False,True,0.8030999456607332
203,1.0,joint_recipe_source,True,0.01,True,False,True,0.8231689700883718
203,1.0,joint_recipe_source,True,0.02,True,False,True,0.8231689700883718
203,1.0,logistic_shift,False,0.0,True,False,True,0.8060463646404691
203,1.0,logistic_shift,False,0.005,True,False,True,0.8172896908711075
203,1.0,logistic_shift,False,0.01,True,False,True,0.8172896908711075
203,1.0,logistic_shift,False,0.02,False,False,False,
203,1.0,logistic_shift,True,0.0,True,False,True,0.8172896908711075
203,1.0,logistic_shift,True,0.005,True,False,True,0.8172896908711075
203,1.0,logistic_shift,True,0.01,True,False,True,0.8172896908711075
203,1.0,logistic_shift,True,0.02,False,False,False,
204,1.0,epsilon_shift,False,0.0,False,False,False,
204,1.0,epsilon_shift,False,0.005,False,False,False,
204,1.0,epsilon_shift,False,0.01,False,False,False,
204,1.0,epsilon_shift,False,0.02,False,False,False,
204,1.0,epsilon_shift,True,0.0,False,False,False,
204,1.0,epsilon_shift,True,0.005,False,False,False,
204,1.0,epsilon_shift,True,0.01,False,False,False,
204,1.0,epsilon_shift,True,0.02,False,False,False,
204,1.0,epsilon_source,False,0.0,False,False,False,
204,1.0,epsilon_source,False,0.005,False,False,False,
204,1.0,epsilon_source,False,0.01,False,False,False,
204,1.0,epsilon_source,False,0.02,False,False,False,
204,1.0,epsilon_source,True,0.0,False,False,False,
204,1.0,epsilon_source,True,0.005,False,False,False,
204,1.0,epsilon_source,True,0.01,False,False,False,
204,1.0,epsilon_source,True,0.02,False,False,False,
204,1.0,joint_clip_shift,False,0.0,True,False,True,0.8109076252984675
204,1.0,joint_clip_shift,False,0.005,True,False,True,0.8109076252984675
204,1.0,joint_clip_shift,False,0.01,True,False,True,0.8304367911890399
204,1.0,joint_clip_shift,False,0.02,True,False,True,0.8304367911890399
204,1.0,joint_clip_shift,True,0.0,True,False,True,0.8304367911890399
204,1.0,joint_clip_shift,True,0.005,True,False,True,0.8304367911890399
204,1.0,joint_clip_shift,True,0.01,True,False,True,0.8304367911890399
204,1.0,joint_clip_shift,True,0.02,False,False,False,
204,1.0,joint_clip_source,False,0.0,True,False,True,0.8109076252984675
204,1.0,joint_clip_source,False,0.005,True,False,True,0.8109076252984675
204,1.0,joint_clip_source,False,0.01,True,False,True,0.8109076252984675
204,1.0,joint_clip_source,False,0.02,True,False,True,0.8304367911890399
204,1.0,joint_clip_source,True,0.0,True,False,True,0.8109076252984675
204,1.0,joint_clip_source,True,0.005,True,False,True,0.8304367911890399
204,1.0,joint_clip_source,True,0.01,True,False,True,0.8304367911890399
204,1.0,joint_clip_source,True,0.02,True,False,True,0.8304367911890399
204,1.0,joint_recipe_proxy,False,0.0,True,False,True,0.8109076252984675
204,1.0,joint_recipe_proxy,False,0.005,True,False,True,0.8109076252984675
204,1.0,joint_recipe_proxy,False,0.01,True,False,True,0.8109076252984675
204,1.0,joint_recipe_proxy,False,0.02,True,False,True,0.8324772617495431
204,1.0,joint_recipe_proxy,True,0.0,True,False,True,0.8109076252984675
204,1.0,joint_recipe_proxy,True,0.005,True,False,True,0.8150822239129679
204,1.0,joint_recipe_proxy,True,0.01,True,False,True,0.8324772617495431
204,1.0,joint_recipe_proxy,True,0.02,True,False,True,0.8324772617495431
204,1.0,joint_recipe_shift,False,0.0,True,False,True,0.8109076252984675
204,1.0,joint_recipe_shift,False,0.005,True,False,True,0.8109076252984675
204,1.0,joint_recipe_shift,False,0.01,True,False,True,0.8324772617495431
204,1.0,joint_recipe_shift,False,0.02,True,False,True,0.8324772617495431
204,1.0,joint_recipe_shift,True,0.0,True,False,True,0.8324772617495431
204,1.0,joint_recipe_shift,True,0.005,True,False,True,0.8324772617495431
204,1.0,joint_recipe_shift,True,0.01,True,False,True,0.8324772617495431
204,1.0,joint_recipe_shift,True,0.02,True,False,True,0.8324772617495431
204,1.0,joint_recipe_source,False,0.0,True,False,True,0.8109076252984675
204,1.0,joint_recipe_source,False,0.005,True,False,True,0.8109076252984675
204,1.0,joint_recipe_source,False,0.01,True,False,True,0.8109076252984675
204,1.0,joint_recipe_source,False,0.02,True,False,True,0.8324772617495431
204,1.0,joint_recipe_source,True,0.0,True,False,True,0.8109076252984675
204,1.0,joint_recipe_source,True,0.005,True,False,True,0.8150822239129679
204,1.0,joint_recipe_source,True,0.01,True,False,True,0.8324772617495431
204,1.0,joint_recipe_source,True,0.02,True,False,True,0.8324772617495431
204,1.0,logistic_shift,False,0.0,True,False,True,0.82163614379477
204,1.0,logistic_shift,False,0.005,True,False,True,0.82163614379477
204,1.0,logistic_shift,False,0.01,True,False,True,0.8314807039255118
204,1.0,logistic_shift,False,0.02,True,False,True,0.8314807039255118
204,1.0,logistic_shift,True,0.0,True,False,True,0.8314807039255118
204,1.0,logistic_shift,True,0.005,True,False,True,0.8314807039255118
204,1.0,logistic_shift,True,0.01,True,False,True,0.8314807039255118
204,1.0,logistic_shift,True,0.02,False,False,False,
205,1.0,epsilon_shift,False,0.0,False,False,False,
205,1.0,epsilon_shift,False,0.005,False,False,False,
205,1.0,epsilon_shift,False,0.01,False,False,False,
205,1.0,epsilon_shift,False,0.02,False,False,False,
205,1.0,epsilon_shift,True,0.0,False,False,False,
205,1.0,epsilon_shift,True,0.005,False,False,False,
205,1.0,epsilon_shift,True,0.01,False,False,False,
205,1.0,epsilon_shift,True,0.02,False,False,False,
205,1.0,epsilon_source,False,0.0,False,False,False,
205,1.0,epsilon_source,False,0.005,False,False,False,
205,1.0,epsilon_source,False,0.01,False,False,False,
205,1.0,epsilon_source,False,0.02,False,False,False,
205,1.0,epsilon_source,True,0.0,False,False,False,
205,1.0,epsilon_source,True,0.005,False,False,False,
205,1.0,epsilon_source,True,0.01,False,False,False,
205,1.0,epsilon_source,True,0.02,False,False,False,
205,1.0,joint_clip_shift,False,0.0,True,False,True,0.810905838320885
205,1.0,joint_clip_shift,False,0.005,True,False,True,0.810905838320885
205,1.0,joint_clip_shift,False,0.01,True,False,True,0.810905838320885
205,1.0,joint_clip_shift,False,0.02,True,False,True,0.829640071886696
205,1.0,joint_clip_shift,True,0.0,True,False,True,0.810905838320885
205,1.0,joint_clip_shift,True,0.005,True,False,True,0.829640071886696
205,1.0,joint_clip_shift,True,0.01,True,False,True,0.829640071886696
205,1.0,joint_clip_shift,True,0.02,True,False,True,0.829640071886696
205,1.0,joint_clip_source,False,0.0,True,False,True,0.810905838320885
205,1.0,joint_clip_source,False,0.005,True,False,True,0.810905838320885
205,1.0,joint_clip_source,False,0.01,True,False,True,0.810905838320885
205,1.0,joint_clip_source,False,0.02,True,False,True,0.829640071886696
205,1.0,joint_clip_source,True,0.0,True,False,True,0.810905838320885
205,1.0,joint_clip_source,True,0.005,True,False,True,0.810905838320885
205,1.0,joint_clip_source,True,0.01,True,False,True,0.829640071886696
205,1.0,joint_clip_source,True,0.02,True,False,True,0.829640071886696
205,1.0,joint_recipe_proxy,False,0.0,True,False,True,0.810905838320885
205,1.0,joint_recipe_proxy,False,0.005,True,False,True,0.810905838320885
205,1.0,joint_recipe_proxy,False,0.01,True,False,True,0.810905838320885
205,1.0,joint_recipe_proxy,False,0.02,True,False,True,0.8077432771100227
205,1.0,joint_recipe_proxy,True,0.0,True,False,True,0.810905838320885
205,1.0,joint_recipe_proxy,True,0.005,True,False,True,0.810905838320885
205,1.0,joint_recipe_proxy,True,0.01,True,False,True,0.8312527823119157
205,1.0,joint_recipe_proxy,True,0.02,True,False,True,0.8312527823119157
205,1.0,joint_recipe_shift,False,0.0,True,False,True,0.810905838320885
205,1.0,joint_recipe_shift,False,0.005,True,False,True,0.810905838320885
205,1.0,joint_recipe_shift,False,0.01,True,False,True,0.810905838320885
205,1.0,joint_recipe_shift,False,0.02,True,False,True,0.8312527823119157
205,1.0,joint_recipe_shift,True,0.0,True,False,True,0.810905838320885
205,1.0,joint_recipe_shift,True,0.005,True,False,True,0.8312527823119157
205,1.0,joint_recipe_shift,True,0.01,True,False,True,0.8312527823119157
205,1.0,joint_recipe_shift,True,0.02,True,False,True,0.8312527823119157
205,1.0,joint_recipe_source,False,0.0,True,False,True,0.810905838320885
205,1.0,joint_recipe_source,False,0.005,True,False,True,0.810905838320885
205,1.0,joint_recipe_source,False,0.01,True,False,True,0.810905838320885
205,1.0,joint_recipe_source,False,0.02,True,False,True,0.8077432771100227
205,1.0,joint_recipe_source,True,0.0,True,False,True,0.810905838320885
205,1.0,joint_recipe_source,True,0.005,True,False,True,0.810905838320885
205,1.0,joint_recipe_source,True,0.01,True,False,True,0.8312527823119157
205,1.0,joint_recipe_source,True,0.02,True,False,True,0.8312527823119157
205,1.0,logistic_shift,False,0.0,True,False,True,0.8125803778997873
205,1.0,logistic_shift,False,0.005,True,False,True,0.8125803778997873
205,1.0,logistic_shift,False,0.01,True,False,True,0.8077432771100227
205,1.0,logistic_shift,False,0.02,True,False,True,0.8251842508779741
205,1.0,logistic_shift,True,0.0,True,False,True,0.8251842508779741
205,1.0,logistic_shift,True,0.005,True,False,True,0.8251842508779741
205,1.0,logistic_shift,True,0.01,True,False,True,0.8251842508779741
205,1.0,logistic_shift,True,0.02,False,False,False,
206,1.0,epsilon_shift,False,0.0,True,False,True,0.8153425508552936
206,1.0,epsilon_shift,False,0.005,False,False,False,
206,1.0,epsilon_shift,False,0.01,False,False,False,
206,1.0,epsilon_shift,False,0.02,False,False,False,
206,1.0,epsilon_shift,True,0.0,False,False,False,
206,1.0,epsilon_shift,True,0.005,False,False,False,
206,1.0,epsilon_shift,True,0.01,False,False,False,
206,1.0,epsilon_shift,True,0.02,False,False,False,
206,1.0,epsilon_source,False,0.0,True,False,True,0.8153425508552936
206,1.0,epsilon_source,False,0.005,False,False,False,
206,1.0,epsilon_source,False,0.01,False,False,False,
206,1.0,epsilon_source,False,0.02,False,False,False,
206,1.0,epsilon_source,True,0.0,False,False,False,
206,1.0,epsilon_source,True,0.005,False,False,False,
206,1.0,epsilon_source,True,0.01,False,False,False,
206,1.0,epsilon_source,True,0.02,False,False,False,
206,1.0,joint_clip_shift,False,0.0,True,False,True,0.814212547883231
206,1.0,joint_clip_shift,False,0.005,True,False,True,0.814212547883231
206,1.0,joint_clip_shift,False,0.01,True,False,True,0.814212547883231
206,1.0,joint_clip_shift,False,0.02,True,False,True,0.8341398149065451
206,1.0,joint_clip_shift,True,0.0,True,False,True,0.814212547883231
206,1.0,joint_clip_shift,True,0.005,True,False,True,0.8341398149065451
206,1.0,joint_clip_shift,True,0.01,True,False,True,0.8341398149065451
206,1.0,joint_clip_shift,True,0.02,True,False,True,0.8341398149065451
206,1.0,joint_clip_source,False,0.0,True,False,True,0.814212547883231
206,1.0,joint_clip_source,False,0.005,True,False,True,0.814212547883231
206,1.0,joint_clip_source,False,0.01,True,False,True,0.814212547883231
206,1.0,joint_clip_source,False,0.02,True,False,True,0.8341398149065451
206,1.0,joint_clip_source,True,0.0,True,False,True,0.814212547883231
206,1.0,joint_clip_source,True,0.005,True,False,True,0.814212547883231
206,1.0,joint_clip_source,True,0.01,True,False,True,0.8341398149065451
206,1.0,joint_clip_source,True,0.02,True,False,True,0.8341398149065451
206,1.0,joint_recipe_proxy,False,0.0,True,False,True,0.814212547883231
206,1.0,joint_recipe_proxy,False,0.005,True,False,True,0.814212547883231
206,1.0,joint_recipe_proxy,False,0.01,True,False,True,0.814212547883231
206,1.0,joint_recipe_proxy,False,0.02,True,False,True,0.8257055552803647
206,1.0,joint_recipe_proxy,True,0.0,True,False,True,0.814212547883231
206,1.0,joint_recipe_proxy,True,0.005,True,False,True,0.814212547883231
206,1.0,joint_recipe_proxy,True,0.01,True,False,True,0.8361077744204477
206,1.0,joint_recipe_proxy,True,0.02,True,False,True,0.8361077744204477
206,1.0,joint_recipe_shift,False,0.0,True,False,True,0.814212547883231
206,1.0,joint_recipe_shift,False,0.005,True,False,True,0.814212547883231
206,1.0,joint_recipe_shift,False,0.01,True,False,True,0.814212547883231
206,1.0,joint_recipe_shift,False,0.02,True,False,True,0.8361077744204477
206,1.0,joint_recipe_shift,True,0.0,True,False,True,0.814212547883231
206,1.0,joint_recipe_shift,True,0.005,True,False,True,0.8257055552803647
206,1.0,joint_recipe_shift,True,0.01,True,False,True,0.8361077744204477
206,1.0,joint_recipe_shift,True,0.02,True,False,True,0.8361077744204477
206,1.0,joint_recipe_source,False,0.0,True,False,True,0.814212547883231
206,1.0,joint_recipe_source,False,0.005,True,False,True,0.814212547883231
206,1.0,joint_recipe_source,False,0.01,True,False,True,0.814212547883231
206,1.0,joint_recipe_source,False,0.02,True,False,True,0.8257055552803647
206,1.0,joint_recipe_source,True,0.0,True,False,True,0.814212547883231
206,1.0,joint_recipe_source,True,0.005,True,False,True,0.814212547883231
206,1.0,joint_recipe_source,True,0.01,True,False,True,0.8361077744204477
206,1.0,joint_recipe_source,True,0.02,True,False,True,0.8361077744204477
206,1.0,logistic_shift,False,0.0,True,False,True,0.8201350018162605
206,1.0,logistic_shift,False,0.005,True,False,True,0.8201350018162605
206,1.0,logistic_shift,False,0.01,True,False,True,0.8322348053298988
206,1.0,logistic_shift,False,0.02,True,False,True,0.8322348053298988
206,1.0,logistic_shift,True,0.0,True,False,True,0.8322348053298988
206,1.0,logistic_shift,True,0.005,True,False,True,0.8322348053298988
206,1.0,logistic_shift,True,0.01,True,False,True,0.8322348053298988
206,1.0,logistic_shift,True,0.02,False,False,False,
207,1.0,epsilon_shift,False,0.0,False,False,False,
207,1.0,epsilon_shift,False,0.005,False,False,False,
207,1.0,epsilon_shift,False,0.01,False,False,False,
207,1.0,epsilon_shift,False,0.02,False,False,False,
207,1.0,epsilon_shift,True,0.0,False,False,False,
207,1.0,epsilon_shift,True,0.005,False,False,False,
207,1.0,epsilon_shift,True,0.01,False,False,False,
207,1.0,epsilon_shift,True,0.02,False,False,False,
207,1.0,epsilon_source,False,0.0,False,False,False,
207,1.0,epsilon_source,False,0.005,False,False,False,
207,1.0,epsilon_source,False,0.01,False,False,False,
207,1.0,epsilon_source,False,0.02,False,False,False,
207,1.0,epsilon_source,True,0.0,False,False,False,
207,1.0,epsilon_source,True,0.005,False,False,False,
207,1.0,epsilon_source,True,0.01,False,False,False,
207,1.0,epsilon_source,True,0.02,False,False,False,
207,1.0,joint_clip_shift,False,0.0,True,False,True,0.8191133096997605
207,1.0,joint_clip_shift,False,0.005,True,False,True,0.8191133096997605
207,1.0,joint_clip_shift,False,0.01,True,False,True,0.8191133096997605
207,1.0,joint_clip_shift,False,0.02,True,False,True,0.8345807368581041
207,1.0,joint_clip_shift,True,0.0,True,False,True,0.8345807368581041
207,1.0,joint_clip_shift,True,0.005,True,False,True,0.8345807368581041
207,1.0,joint_clip_shift,True,0.01,True,False,True,0.8345807368581041
207,1.0,joint_clip_shift,True,0.02,True,False,True,0.8345807368581041
207,1.0,joint_clip_source,False,0.0,True,False,True,0.8191133096997605
207,1.0,joint_clip_source,False,0.005,True,False,True,0.8191133096997605
207,1.0,joint_clip_source,False,0.01,True,False,True,0.8191133096997605
207,1.0,joint_clip_source,False,0.02,True,False,True,0.8191133096997605
207,1.0,joint_clip_source,True,0.0,True,False,True,0.8191133096997605
207,1.0,joint_clip_source,True,0.005,True,False,True,0.8191133096997605
207,1.0,joint_clip_source,True,0.01,True,False,True,0.8345807368581041
207,1.0,joint_clip_source,True,0.02,True,False,True,0.8345807368581041
207,1.0,joint_recipe_proxy,False,0.0,True,False,True,0.8191133096997605
207,1.0,joint_recipe_proxy,False,0.005,True,False,True,0.8191133096997605
207,1.0,joint_recipe_proxy,False,0.01,True,False,True,0.8191133096997605
207,1.0,joint_recipe_proxy,False,0.02,True,False,True,0.8191133096997605
207,1.0,joint_recipe_proxy,True,0.0,True,False,True,0.8191133096997605
207,1.0,joint_recipe_proxy,True,0.005,True,False,True,0.8191133096997605
207,1.0,joint_recipe_proxy,True,0.01,True,False,True,0.8379470832528888
207,1.0,joint_recipe_proxy,True,0.02,True,False,True,0.8379470832528888
207,1.0,joint_recipe_shift,False,0.0,True,False,True,0.8191133096997605
207,1.0,joint_recipe_shift,False,0.005,True,False,True,0.8191133096997605
207,1.0,joint_recipe_shift,False,0.01,True,False,True,0.8191133096997605
207,1.0,joint_recipe_shift,False,0.02,True,False,True,0.8379470832528888
207,1.0,joint_recipe_shift,True,0.0,True,False,True,0.8379470832528888
207,1.0,joint_recipe_shift,True,0.005,True,False,True,0.8379470832528888
207,1.0,joint_recipe_shift,True,0.01,True,False,True,0.8379470832528888
207,1.0,joint_recipe_shift,True,0.02,True,False,True,0.8379470832528888
207,1.0,joint_recipe_source,False,0.0,True,False,True,0.8191133096997605
207,1.0,joint_recipe_source,False,0.005,True,False,True,0.8191133096997605
207,1.0,joint_recipe_source,False,0.01,True,False,True,0.8191133096997605
207,1.0,joint_recipe_source,False,0.02,True,False,True,0.8191133096997605
207,1.0,joint_recipe_source,True,0.0,True,False,True,0.8191133096997605
207,1.0,joint_recipe_source,True,0.005,True,False,True,0.8191133096997605
207,1.0,joint_recipe_source,True,0.01,True,False,True,0.8379470832528888
207,1.0,joint_recipe_source,True,0.02,True,False,True,0.8379470832528888
207,1.0,logistic_shift,False,0.0,True,False,True,0.8253771992162308
207,1.0,logistic_shift,False,0.005,True,False,True,0.8383352708481386
207,1.0,logistic_shift,False,0.01,True,False,True,0.8383352708481386
207,1.0,logistic_shift,False,0.02,True,False,True,0.8383352708481386
207,1.0,logistic_shift,True,0.0,True,False,True,0.8383352708481386
207,1.0,logistic_shift,True,0.005,True,False,True,0.8383352708481386
207,1.0,logistic_shift,True,0.01,True,False,True,0.8383352708481386
207,1.0,logistic_shift,True,0.02,False,False,False,
208,1.0,epsilon_shift,False,0.0,True,False,True,0.8241922885376529
208,1.0,epsilon_shift,False,0.005,False,False,False,
208,1.0,epsilon_shift,False,0.01,False,False,False,
208,1.0,epsilon_shift,False,0.02,False,False,False,
208,1.0,epsilon_shift,True,0.0,False,False,False,
208,1.0,epsilon_shift,True,0.005,False,False,False,
208,1.0,epsilon_shift,True,0.01,False,False,False,
208,1.0,epsilon_shift,True,0.02,False,False,False,
208,1.0,epsilon_source,False,0.0,True,False,True,0.8241922885376529
208,1.0,epsilon_source,False,0.005,False,False,False,
208,1.0,epsilon_source,False,0.01,False,False,False,
208,1.0,epsilon_source,False,0.02,False,False,False,
208,1.0,epsilon_source,True,0.0,False,False,False,
208,1.0,epsilon_source,True,0.005,False,False,False,
208,1.0,epsilon_source,True,0.01,False,False,False,
208,1.0,epsilon_source,True,0.02,False,False,False,
208,1.0,joint_clip_shift,False,0.0,True,False,True,0.8086770988964903
208,1.0,joint_clip_shift,False,0.005,True,False,True,0.8086770988964903
208,1.0,joint_clip_shift,False,0.01,True,False,True,0.8086770988964903
208,1.0,joint_clip_shift,False,0.02,True,False,True,0.8274351917380934
208,1.0,joint_clip_shift,True,0.0,True,False,True,0.8086770988964903
208,1.0,joint_clip_shift,True,0.005,True,False,True,0.8274351917380934
208,1.0,joint_clip_shift,True,0.01,True,False,True,0.8274351917380934
208,1.0,joint_clip_shift,True,0.02,True,False,True,0.8274351917380934
208,1.0,joint_clip_source,False,0.0,True,False,True,0.8086770988964903
208,1.0,joint_clip_source,False,0.005,True,False,True,0.8086770988964903
208,1.0,joint_clip_source,False,0.01,True,False,True,0.8086770988964903
208,1.0,joint_clip_source,False,0.02,True,False,True,0.8274351917380934
208,1.0,joint_clip_source,True,0.0,True,False,True,0.8086770988964903
208,1.0,joint_clip_source,True,0.005,True,False,True,0.8274351917380934
208,1.0,joint_clip_source,True,0.01,True,False,True,0.8274351917380934
208,1.0,joint_clip_source,True,0.02,True,False,True,0.8274351917380934
208,1.0,joint_recipe_proxy,False,0.0,True,False,True,0.8086770988964903
208,1.0,joint_recipe_proxy,False,0.005,True,False,True,0.8086770988964903
208,1.0,joint_recipe_proxy,False,0.01,True,False,True,0.8086770988964903
208,1.0,joint_recipe_proxy,False,0.02,True,False,True,0.8290980577180153
208,1.0,joint_recipe_proxy,True,0.0,True,False,True,0.8086770988964903
208,1.0,joint_recipe_proxy,True,0.005,True,False,True,0.8133207517496265
208,1.0,joint_recipe_proxy,True,0.01,True,False,True,0.8290980577180153
208,1.0,joint_recipe_proxy,True,0.02,True,False,True,0.8290980577180153
208,1.0,joint_recipe_shift,False,0.0,True,False,True,0.8086770988964903
208,1.0,joint_recipe_shift,False,0.005,True,False,True,0.8086770988964903
208,1.0,joint_recipe_shift,False,0.01,True,False,True,0.8086770988964903
208,1.0,joint_recipe_shift,False,0.02,True,False,True,0.8290980577180153
208,1.0,joint_recipe_shift,True,0.0,True,False,True,0.8086770988964903
208,1.0,joint_recipe_shift,True,0.005,True,False,True,0.8290980577180153
208,1.0,joint_recipe_shift,True,0.01,True,False,True,0.8290980577180153
208,1.0,joint_recipe_shift,True,0.02,True,False,True,0.8290980577180153
208,1.0,joint_recipe_source,False,0.0,True,False,True,0.8086770988964903
208,1.0,joint_recipe_source,False,0.005,True,False,True,0.8086770988964903
208,1.0,joint_recipe_source,False,0.01,True,False,True,0.8086770988964903
208,1.0,joint_recipe_source,False,0.02,True,False,True,0.8290980577180153
208,1.0,joint_recipe_source,True,0.0,True,False,True,0.8086770988964903
208,1.0,joint_recipe_source,True,0.005,True,False,True,0.8133207517496265
208,1.0,joint_recipe_source,True,0.01,True,False,True,0.8290980577180153
208,1.0,joint_recipe_source,True,0.02,True,False,True,0.8290980577180153
208,1.0,logistic_shift,False,0.0,True,False,True,0.8276553694529631
208,1.0,logistic_shift,False,0.005,True,False,True,0.8276553694529631
208,1.0,logistic_shift,False,0.01,True,False,True,0.8276553694529631
208,1.0,logistic_shift,False,0.02,True,False,True,0.8284259914550077
208,1.0,logistic_shift,True,0.0,True,False,True,0.8284259914550077
208,1.0,logistic_shift,True,0.005,True,False,True,0.8284259914550077
208,1.0,logistic_shift,True,0.01,True,False,True,0.8284259914550077
208,1.0,logistic_shift,True,0.02,False,False,False,
209,1.0,epsilon_shift,False,0.0,True,False,True,0.824548893031247
209,1.0,epsilon_shift,False,0.005,True,False,True,0.824548893031247
209,1.0,epsilon_shift,False,0.01,True,False,True,0.824548893031247
209,1.0,epsilon_shift,False,0.02,False,False,False,
209,1.0,epsilon_shift,True,0.0,False,False,False,
209,1.0,epsilon_shift,True,0.005,False,False,False,
209,1.0,epsilon_shift,True,0.01,False,False,False,
209,1.0,epsilon_shift,True,0.02,False,False,False,
209,1.0,epsilon_source,False,0.0,True,False,True,0.824548893031247
209,1.0,epsilon_source,False,0.005,True,False,True,0.824548893031247
209,1.0,epsilon_source,False,0.01,True,False,True,0.824548893031247
209,1.0,epsilon_source,False,0.02,False,False,False,
209,1.0,epsilon_source,True,0.0,False,False,False,
209,1.0,epsilon_source,True,0.005,False,False,False,
209,1.0,epsilon_source,True,0.01,False,False,False,
209,1.0,epsilon_source,True,0.02,False,False,False,
209,1.0,joint_clip_shift,False,0.0,True,False,True,0.8359897247277929
209,1.0,joint_clip_shift,False,0.005,True,False,True,0.8359897247277929
209,1.0,joint_clip_shift,False,0.01,True,False,True,0.8359897247277929
209,1.0,joint_clip_shift,False,0.02,True,False,True,0.8359897247277929
209,1.0,joint_clip_shift,True,0.0,True,False,True,0.8359897247277929
209,1.0,joint_clip_shift,True,0.005,True,False,True,0.8359897247277929
209,1.0,joint_clip_shift,True,0.01,True,False,True,0.8359897247277929
209,1.0,joint_clip_shift,True,0.02,True,False,True,0.8395447854244596
209,1.0,joint_clip_source,False,0.0,True,False,True,0.8359897247277929
209,1.0,joint_clip_source,False,0.005,True,False,True,0.8359897247277929
209,1.0,joint_clip_source,False,0.01,True,False,True,0.8359897247277929
209,1.0,joint_clip_source,False,0.02,True,False,True,0.8359897247277929
209,1.0,joint_clip_source,True,0.0,True,False,True,0.8359897247277929
209,1.0,joint_clip_source,True,0.005,True,False,True,0.8359897247277929
209,1.0,joint_clip_source,True,0.01,True,False,True,0.8359897247277929
209,1.0,joint_clip_source,True,0.02,True,False,True,0.8395447854244596
209,1.0,joint_recipe_proxy,False,0.0,True,False,True,0.8359897247277929
209,1.0,joint_recipe_proxy,False,0.005,True,False,True,0.8359897247277929
209,1.0,joint_recipe_proxy,False,0.01,True,False,True,0.8359897247277929
209,1.0,joint_recipe_proxy,False,0.02,True,False,True,0.8359897247277929
209,1.0,joint_recipe_proxy,True,0.0,True,False,True,0.8359897247277929
209,1.0,joint_recipe_proxy,True,0.005,True,False,True,0.8359897247277929
209,1.0,joint_recipe_proxy,True,0.01,True,False,True,0.8359897247277929
209,1.0,joint_recipe_proxy,True,0.02,True,False,True,0.8357155367620381
209,1.0,joint_recipe_shift,False,0.0,True,False,True,0.8359897247277929
209,1.0,joint_recipe_shift,False,0.005,True,False,True,0.8359897247277929
209,1.0,joint_recipe_shift,False,0.01,True,False,True,0.8359897247277929
209,1.0,joint_recipe_shift,False,0.02,True,False,True,0.8359897247277929
209,1.0,joint_recipe_shift,True,0.0,True,False,True,0.8359897247277929
209,1.0,joint_recipe_shift,True,0.005,True,False,True,0.8359897247277929
209,1.0,joint_recipe_shift,True,0.01,True,False,True,0.8359897247277929
209,1.0,joint_recipe_shift,True,0.02,True,False,True,0.8357155367620381
209,1.0,joint_recipe_source,False,0.0,True,False,True,0.8359897247277929
209,1.0,joint_recipe_source,False,0.005,True,False,True,0.8359897247277929
209,1.0,joint_recipe_source,False,0.01,True,False,True,0.8359897247277929
209,1.0,joint_recipe_source,False,0.02,True,False,True,0.8359897247277929
209,1.0,joint_recipe_source,True,0.0,True,False,True,0.8359897247277929
209,1.0,joint_recipe_source,True,0.005,True,False,True,0.8359897247277929
209,1.0,joint_recipe_source,True,0.01,True,False,True,0.8359897247277929
209,1.0,joint_recipe_source,True,0.02,True,False,True,0.8357155367620381
209,1.0,logistic_shift,False,0.0,True,False,True,0.8292663855979383
209,1.0,logistic_shift,False,0.005,True,False,True,0.8292663855979383
209,1.0,logistic_shift,False,0.01,True,False,True,0.8292663855979383
209,1.0,logistic_shift,False,0.02,True,False,True,0.8338869219638114
209,1.0,logistic_shift,True,0.0,True,False,True,0.8338869219638114
209,1.0,logistic_shift,True,0.005,True,False,True,0.8338869219638114
209,1.0,logistic_shift,True,0.01,True,False,True,0.8338869219638114
209,1.0,logistic_shift,True,0.02,False,False,False,
210,1.0,epsilon_shift,False,0.0,False,False,False,
210,1.0,epsilon_shift,False,0.005,False,False,False,
210,1.0,epsilon_shift,False,0.01,False,False,False,
210,1.0,epsilon_shift,False,0.02,False,False,False,
210,1.0,epsilon_shift,True,0.0,False,False,False,
210,1.0,epsilon_shift,True,0.005,False,False,False,
210,1.0,epsilon_shift,True,0.01,False,False,False,
210,1.0,epsilon_shift,True,0.02,False,False,False,
210,1.0,epsilon_source,False,0.0,True,False,True,0.7895668479200406
210,1.0,epsilon_source,False,0.005,False,False,False,
210,1.0,epsilon_source,False,0.01,False,False,False,
210,1.0,epsilon_source,False,0.02,False,False,False,
210,1.0,epsilon_source,True,0.0,False,False,False,
210,1.0,epsilon_source,True,0.005,False,False,False,
210,1.0,epsilon_source,True,0.01,False,False,False,
210,1.0,epsilon_source,True,0.02,False,False,False,
210,1.0,joint_clip_shift,False,0.0,True,False,True,0.8076338533364301
210,1.0,joint_clip_shift,False,0.005,True,False,True,0.8076338533364301
210,1.0,joint_clip_shift,False,0.01,True,False,True,0.8076338533364301
210,1.0,joint_clip_shift,False,0.02,True,False,True,0.8142550634811041
210,1.0,joint_clip_shift,True,0.0,True,False,True,0.8076338533364301
210,1.0,joint_clip_shift,True,0.005,True,False,True,0.8076338533364301
210,1.0,joint_clip_shift,True,0.01,True,False,True,0.8142550634811041
210,1.0,joint_clip_shift,True,0.02,True,False,True,0.8142550634811041
210,1.0,joint_clip_source,False,0.0,True,False,True,0.8076338533364301
210,1.0,joint_clip_source,False,0.005,True,False,True,0.8076338533364301
210,1.0,joint_clip_source,False,0.01,True,False,True,0.8076338533364301
210,1.0,joint_clip_source,False,0.02,True,False,True,0.8076338533364301
210,1.0,joint_clip_source,True,0.0,True,False,True,0.8076338533364301
210,1.0,joint_clip_source,True,0.005,True,False,True,0.8076338533364301
210,1.0,joint_clip_source,True,0.01,True,False,True,0.8076338533364301
210,1.0,joint_clip_source,True,0.02,True,False,True,0.8142550634811041
210,1.0,joint_recipe_proxy,False,0.0,True,False,True,0.8076338533364301
210,1.0,joint_recipe_proxy,False,0.005,True,False,True,0.8076338533364301
210,1.0,joint_recipe_proxy,False,0.01,True,False,True,0.8076338533364301
210,1.0,joint_recipe_proxy,False,0.02,True,False,True,0.8076338533364301
210,1.0,joint_recipe_proxy,True,0.0,True,False,True,0.8076338533364301
210,1.0,joint_recipe_proxy,True,0.005,True,False,True,0.8076338533364301
210,1.0,joint_recipe_proxy,True,0.01,True,False,True,0.8076338533364301
210,1.0,joint_recipe_proxy,True,0.02,True,False,True,0.8111624079017562
210,1.0,joint_recipe_shift,False,0.0,True,False,True,0.8076338533364301
210,1.0,joint_recipe_shift,False,0.005,True,False,True,0.8076338533364301
210,1.0,joint_recipe_shift,False,0.01,True,False,True,0.8076338533364301
210,1.0,joint_recipe_shift,False,0.02,True,False,True,0.8137746200732013
210,1.0,joint_recipe_shift,True,0.0,True,False,True,0.8076338533364301
210,1.0,joint_recipe_shift,True,0.005,True,False,True,0.8076338533364301
210,1.0,joint_recipe_shift,True,0.01,True,False,True,0.8137746200732013
210,1.0,joint_recipe_shift,True,0.02,True,False,True,0.8111624079017562
210,1.0,joint_recipe_source,False,0.0,True,False,True,0.8076338533364301
210,1.0,joint_recipe_source,False,0.005,True,False,True,0.8076338533364301
210,1.0,joint_recipe_source,False,0.01,True,False,True,0.8076338533364301
210,1.0,joint_recipe_source,False,0.02,True,False,True,0.8076338533364301
210,1.0,joint_recipe_source,True,0.0,True,False,True,0.8076338533364301
210,1.0,joint_recipe_source,True,0.005,True,False,True,0.8076338533364301
210,1.0,joint_recipe_source,True,0.01,True,False,True,0.8076338533364301
210,1.0,joint_recipe_source,True,0.02,True,False,True,0.8111624079017562
210,1.0,logistic_shift,False,0.0,True,False,True,0.7984152791609527
210,1.0,logistic_shift,False,0.005,True,False,True,0.7984152791609527
210,1.0,logistic_shift,False,0.01,True,False,True,0.8137746200732013
210,1.0,logistic_shift,False,0.02,True,False,True,0.8137746200732013
210,1.0,logistic_shift,True,0.0,True,False,True,0.8137746200732013
210,1.0,logistic_shift,True,0.005,True,False,True,0.8137746200732013
210,1.0,logistic_shift,True,0.01,True,False,True,0.8137746200732013
210,1.0,logistic_shift,True,0.02,False,False,False,
211,1.0,epsilon_shift,False,0.0,False,False,False,
211,1.0,epsilon_shift,False,0.005,False,False,False,
211,1.0,epsilon_shift,False,0.01,False,False,False,
211,1.0,epsilon_shift,False,0.02,False,False,False,
211,1.0,epsilon_shift,True,0.0,False,False,False,
211,1.0,epsilon_shift,True,0.005,False,False,False,
211,1.0,epsilon_shift,True,0.01,False,False,False,
211,1.0,epsilon_shift,True,0.02,False,False,False,
211,1.0,epsilon_source,False,0.0,False,False,False,
211,1.0,epsilon_source,False,0.005,False,False,False,
211,1.0,epsilon_source,False,0.01,False,False,False,
211,1.0,epsilon_source,False,0.02,False,False,False,
211,1.0,epsilon_source,True,0.0,False,False,False,
211,1.0,epsilon_source,True,0.005,False,False,False,
211,1.0,epsilon_source,True,0.01,False,False,False,
211,1.0,epsilon_source,True,0.02,False,False,False,
211,1.0,joint_clip_shift,False,0.0,True,False,True,0.805784935633165
211,1.0,joint_clip_shift,False,0.005,True,False,True,0.805784935633165
211,1.0,joint_clip_shift,False,0.01,True,False,True,0.824241457462368
211,1.0,joint_clip_shift,False,0.02,True,False,True,0.824241457462368
211,1.0,joint_clip_shift,True,0.0,True,False,True,0.824241457462368
211,1.0,joint_clip_shift,True,0.005,True,False,True,0.824241457462368
211,1.0,joint_clip_shift,True,0.01,True,False,True,0.824241457462368
211,1.0,joint_clip_shift,True,0.02,False,False,False,
211,1.0,joint_clip_source,False,0.0,True,False,True,0.805784935633165
211,1.0,joint_clip_source,False,0.005,True,False,True,0.805784935633165
211,1.0,joint_clip_source,False,0.01,True,False,True,0.824241457462368
211,1.0,joint_clip_source,False,0.02,True,False,True,0.824241457462368
211,1.0,joint_clip_source,True,0.0,True,False,True,0.824241457462368
211,1.0,joint_clip_source,True,0.005,True,False,True,0.824241457462368
211,1.0,joint_clip_source,True,0.01,True,False,True,0.824241457462368
211,1.0,joint_clip_source,True,0.02,False,False,False,
211,1.0,joint_recipe_proxy,False,0.0,True,False,True,0.805784935633165
211,1.0,joint_recipe_proxy,False,0.005,True,False,True,0.805784935633165
211,1.0,joint_recipe_proxy,False,0.01,True,False,True,0.827790230825644
211,1.0,joint_recipe_proxy,False,0.02,True,False,True,0.827790230825644
211,1.0,joint_recipe_proxy,True,0.0,True,False,True,0.827790230825644
211,1.0,joint_recipe_proxy,True,0.005,True,False,True,0.827790230825644
211,1.0,joint_recipe_proxy,True,0.01,True,False,True,0.827790230825644
211,1.0,joint_recipe_proxy,True,0.02,True,False,True,0.8336530613090477
211,1.0,joint_recipe_shift,False,0.0,True,False,True,0.805784935633165
211,1.0,joint_recipe_shift,False,0.005,True,False,True,0.805784935633165
211,1.0,joint_recipe_shift,False,0.01,True,False,True,0.827790230825644
211,1.0,joint_recipe_shift,False,0.02,True,False,True,0.8336530613090477
211,1.0,joint_recipe_shift,True,0.0,True,False,True,0.827790230825644
211,1.0,joint_recipe_shift,True,0.005,True,False,True,0.827790230825644
211,1.0,joint_recipe_shift,True,0.01,True,False,True,0.8336530613090477
211,1.0,joint_recipe_shift,True,0.02,True,False,True,0.8336530613090477
211,1.0,joint_recipe_source,False,0.0,True,False,True,0.805784935633165
211,1.0,joint_recipe_source,False,0.005,True,False,True,0.805784935633165
211,1.0,joint_recipe_source,False,0.01,True,False,True,0.827790230825644
211,1.0,joint_recipe_source,False,0.02,True,False,True,0.827790230825644
211,1.0,joint_recipe_source,True,0.0,True,False,True,0.827790230825644
211,1.0,joint_recipe_source,True,0.005,True,False,True,0.827790230825644
211,1.0,joint_recipe_source,True,0.01,True,False,True,0.827790230825644
211,1.0,joint_recipe_source,True,0.02,True,False,True,0.8336530613090477
211,1.0,logistic_shift,False,0.0,True,False,True,0.8200017816375321
211,1.0,logistic_shift,False,0.005,True,False,True,0.8200017816375321
211,1.0,logistic_shift,False,0.01,True,False,True,0.8300193494122667
211,1.0,logistic_shift,False,0.02,False,False,False,
211,1.0,logistic_shift,True,0.0,True,False,True,0.8300193494122667
211,1.0,logistic_shift,True,0.005,True,False,True,0.8300193494122667
211,1.0,logistic_shift,True,0.01,True,False,True,0.8300193494122667
211,1.0,logistic_shift,True,0.02,False,False,False,
212,1.0,epsilon_shift,False,0.0,True,False,True,0.8134296476735445
212,1.0,epsilon_shift,False,0.005,True,False,True,0.8134296476735445
212,1.0,epsilon_shift,False,0.01,False,False,False,
212,1.0,epsilon_shift,False,0.02,False,False,False,
212,1.0,epsilon_shift,True,0.0,False,False,False,
212,1.0,epsilon_shift,True,0.005,False,False,False,
212,1.0,epsilon_shift,True,0.01,False,False,False,
212,1.0,epsilon_shift,True,0.02,False,False,False,
212,1.0,epsilon_source,False,0.0,True,False,True,0.8134296476735445
212,1.0,epsilon_source,False,0.005,True,False,True,0.8134296476735445
212,1.0,epsilon_source,False,0.01,False,False,False,
212,1.0,epsilon_source,False,0.02,False,False,False,
212,1.0,epsilon_source,True,0.0,False,False,False,
212,1.0,epsilon_source,True,0.005,False,False,False,
212,1.0,epsilon_source,True,0.01,False,False,False,
212,1.0,epsilon_source,True,0.02,False,False,False,
212,1.0,joint_clip_shift,False,0.0,True,False,True,0.8121326081687814
212,1.0,joint_clip_shift,False,0.005,True,False,True,0.8121326081687814
212,1.0,joint_clip_shift,False,0.01,True,False,True,0.8121326081687814
212,1.0,joint_clip_shift,False,0.02,True,False,True,0.8305509799169402
212,1.0,joint_clip_shift,True,0.0,True,False,True,0.8121326081687814
212,1.0,joint_clip_shift,True,0.005,True,False,True,0.8305509799169402
212,1.0,joint_clip_shift,True,0.01,True,False,True,0.8305509799169402
212,1.0,joint_clip_shift,True,0.02,True,False,True,0.8305509799169402
212,1.0,joint_clip_source,False,0.0,True,False,True,0.8121326081687814
212,1.0,joint_clip_source,False,0.005,True,False,True,0.8121326081687814
212,1.0,joint_clip_source,False,0.01,True,False,True,0.8121326081687814
212,1.0,joint_clip_source,False,0.02,True,False,True,0.8121326081687814
212,1.0,joint_clip_source,True,0.0,True,False,True,0.8121326081687814
212,1.0,joint_clip_source,True,0.005,True,False,True,0.8121326081687814
212,1.0,joint_clip_source,True,0.01,True,False,True,0.8121326081687814
212,1.0,joint_clip_source,True,0.02,True,False,True,0.8305509799169402
212,1.0,joint_recipe_proxy,False,0.0,True,False,True,0.8121326081687814
212,1.0,joint_recipe_proxy,False,0.005,True,False,True,0.8121326081687814
212,1.0,joint_recipe_proxy,False,0.01,True,False,True,0.8121326081687814
212,1.0,joint_recipe_proxy,False,0.02,True,False,True,0.8121326081687814
212,1.0,joint_recipe_proxy,True,0.0,True,False,True,0.8121326081687814
212,1.0,joint_recipe_proxy,True,0.005,True,False,True,0.8121326081687814
212,1.0,joint_recipe_proxy,True,0.01,True,False,True,0.8121326081687814
212,1.0,joint_recipe_proxy,True,0.02,True,False,True,0.8356076881682886
212,1.0,joint_recipe_shift,False,0.0,True,False,True,0.8121326081687814
212,1.0,joint_recipe_shift,False,0.005,True,False,True,0.8121326081687814
212,1.0,joint_recipe_shift,False,0.01,True,False,True,0.8121326081687814
212,1.0,joint_recipe_shift,False,0.02,True,False,True,0.8327219549866702
212,1.0,joint_recipe_shift,True,0.0,True,False,True,0.8121326081687814
212,1.0,joint_recipe_shift,True,0.005,True,False,True,0.8327219549866702
212,1.0,joint_recipe_shift,True,0.01,True,False,True,0.8327219549866702
212,1.0,joint_recipe_shift,True,0.02,True,False,True,0.8356076881682886
212,1.0,joint_recipe_source,False,0.0,True,False,True,0.8121326081687814
212,1.0,joint_recipe_source,False,0.005,True,False,True,0.8121326081687814
212,1.0,joint_recipe_source,False,0.01,True,False,True,0.8121326081687814
212,1.0,joint_recipe_source,False,0.02,True,False,True,0.8121326081687814
212,1.0,joint_recipe_source,True,0.0,True,False,True,0.8121326081687814
212,1.0,joint_recipe_source,True,0.005,True,False,True,0.8121326081687814
212,1.0,joint_recipe_source,True,0.01,True,False,True,0.8121326081687814
212,1.0,joint_recipe_source,True,0.02,True,False,True,0.8356076881682886
212,1.0,logistic_shift,False,0.0,True,False,True,0.8208411552791459
212,1.0,logistic_shift,False,0.005,True,False,True,0.8208411552791459
212,1.0,logistic_shift,False,0.01,True,False,True,0.8208411552791459
212,1.0,logistic_shift,False,0.02,True,False,True,0.8309658682462546
212,1.0,logistic_shift,True,0.0,True,False,True,0.8309658682462546
212,1.0,logistic_shift,True,0.005,True,False,True,0.8309658682462546
212,1.0,logistic_shift,True,0.01,True,False,True,0.8309658682462546
212,1.0,logistic_shift,True,0.02,False,False,False,
213,1.0,epsilon_shift,False,0.0,False,False,False,
213,1.0,epsilon_shift,False,0.005,False,False,False,
213,1.0,epsilon_shift,False,0.01,False,False,False,
213,1.0,epsilon_shift,False,0.02,False,False,False,
213,1.0,epsilon_shift,True,0.0,False,False,False,
213,1.0,epsilon_shift,True,0.005,False,False,False,
213,1.0,epsilon_shift,True,0.01,False,False,False,
213,1.0,epsilon_shift,True,0.02,False,False,False,
213,1.0,epsilon_source,False,0.0,False,False,False,
213,1.0,epsilon_source,False,0.005,False,False,False,
213,1.0,epsilon_source,False,0.01,False,False,False,
213,1.0,epsilon_source,False,0.02,False,False,False,
213,1.0,epsilon_source,True,0.0,False,False,False,
213,1.0,epsilon_source,True,0.005,False,False,False,
213,1.0,epsilon_source,True,0.01,False,False,False,
213,1.0,epsilon_source,True,0.02,False,False,False,
213,1.0,joint_clip_shift,False,0.0,True,False,True,0.8311380993198176
213,1.0,joint_clip_shift,False,0.005,True,False,True,0.8311380993198176
213,1.0,joint_clip_shift,False,0.01,True,False,True,0.8311380993198176
213,1.0,joint_clip_shift,False,0.02,True,False,True,0.8425836674589394
213,1.0,joint_clip_shift,True,0.0,True,False,True,0.8311380993198176
213,1.0,joint_clip_shift,True,0.005,True,False,True,0.8425836674589394
213,1.0,joint_clip_shift,True,0.01,True,False,True,0.8425836674589394
213,1.0,joint_clip_shift,True,0.02,True,False,True,0.8425836674589394
213,1.0,joint_clip_source,False,0.0,True,False,True,0.8311380993198176
213,1.0,joint_clip_source,False,0.005,True,False,True,0.8311380993198176
213,1.0,joint_clip_source,False,0.01,True,False,True,0.8311380993198176
213,1.0,joint_clip_source,False,0.02,True,False,True,0.8425836674589394
213,1.0,joint_clip_source,True,0.0,True,False,True,0.8311380993198176
213,1.0,joint_clip_source,True,0.005,True,False,True,0.8425836674589394
213,1.0,joint_clip_source,True,0.01,True,False,True,0.8425836674589394
213,1.0,joint_clip_source,True,0.02,True,False,True,0.8425836674589394
213,1.0,joint_recipe_proxy,False,0.0,True,False,True,0.8311380993198176
213,1.0,joint_recipe_proxy,False,0.005,True,False,True,0.8311380993198176
213,1.0,joint_recipe_proxy,False,0.01,True,False,True,0.8311380993198176
213,1.0,joint_recipe_proxy,False,0.02,True,False,True,0.8451331740415017
213,1.0,joint_recipe_proxy,True,0.0,True,False,True,0.8311380993198176
213,1.0,joint_recipe_proxy,True,0.005,True,False,True,0.8340403085782104
213,1.0,joint_recipe_proxy,True,0.01,True,False,True,0.8451331740415017
213,1.0,joint_recipe_proxy,True,0.02,True,False,True,0.8451331740415017
213,1.0,joint_recipe_shift,False,0.0,True,False,True,0.8311380993198176
213,1.0,joint_recipe_shift,False,0.005,True,False,True,0.8311380993198176
213,1.0,joint_recipe_shift,False,0.01,True,False,True,0.8311380993198176
213,1.0,joint_recipe_shift,False,0.02,True,False,True,0.8451331740415017
213,1.0,joint_recipe_shift,True,0.0,True,False,True,0.8311380993198176
213,1.0,joint_recipe_shift,True,0.005,True,False,True,0.8451331740415017
213,1.0,joint_recipe_shift,True,0.01,True,False,True,0.8451331740415017
213,1.0,joint_recipe_shift,True,0.02,True,False,True,0.8451331740415017
213,1.0,joint_recipe_source,False,0.0,True,False,True,0.8311380993198176
213,1.0,joint_recipe_source,False,0.005,True,False,True,0.8311380993198176
213,1.0,joint_recipe_source,False,0.01,True,False,True,0.8311380993198176
213,1.0,joint_recipe_source,False,0.02,True,False,True,0.8451331740415017
213,1.0,joint_recipe_source,True,0.0,True,False,True,0.8311380993198176
213,1.0,joint_recipe_source,True,0.005,True,False,True,0.8340403085782104
213,1.0,joint_recipe_source,True,0.01,True,False,True,0.8451331740415017
213,1.0,joint_recipe_source,True,0.02,True,False,True,0.8451331740415017
213,1.0,logistic_shift,False,0.0,True,False,True,0.8433864061899844
213,1.0,logistic_shift,False,0.005,True,False,True,0.8433864061899844
213,1.0,logistic_shift,False,0.01,True,False,True,0.8433864061899844
213,1.0,logistic_shift,False,0.02,False,False,False,
213,1.0,logistic_shift,True,0.0,True,False,True,0.8433864061899844
213,1.0,logistic_shift,True,0.005,True,False,True,0.8433864061899844
213,1.0,logistic_shift,True,0.01,True,False,True,0.8433864061899844
213,1.0,logistic_shift,True,0.02,False,False,False,
214,1.0,epsilon_shift,False,0.0,False,False,False,
214,1.0,epsilon_shift,False,0.005,False,False,False,
214,1.0,epsilon_shift,False,0.01,False,False,False,
214,1.0,epsilon_shift,False,0.02,False,False,False,
214,1.0,epsilon_shift,True,0.0,False,False,False,
214,1.0,epsilon_shift,True,0.005,False,False,False,
214,1.0,epsilon_shift,True,0.01,False,False,False,
214,1.0,epsilon_shift,True,0.02,False,False,False,
214,1.0,epsilon_source,False,0.0,True,False,True,0.8047178430923129
214,1.0,epsilon_source,False,0.005,False,False,False,
214,1.0,epsilon_source,False,0.01,False,False,False,
214,1.0,epsilon_source,False,0.02,False,False,False,
214,1.0,epsilon_source,True,0.0,False,False,False,
214,1.0,epsilon_source,True,0.005,False,False,False,
214,1.0,epsilon_source,True,0.01,False,False,False,
214,1.0,epsilon_source,True,0.02,False,False,False,
214,1.0,joint_clip_shift,False,0.0,True,False,True,0.8138054316212079
214,1.0,joint_clip_shift,False,0.005,True,False,True,0.8138054316212079
214,1.0,joint_clip_shift,False,0.01,True,False,True,0.8138054316212079
214,1.0,joint_clip_shift,False,0.02,True,False,True,0.8280495960664757
214,1.0,joint_clip_shift,True,0.0,True,False,True,0.8138054316212079
214,1.0,joint_clip_shift,True,0.005,True,False,True,0.8280495960664757
214,1.0,joint_clip_shift,True,0.01,True,False,True,0.8280495960664757
214,1.0,joint_clip_shift,True,0.02,True,False,True,0.8280495960664757
214,1.0,joint_clip_source,False,0.0,True,False,True,0.8138054316212079
214,1.0,joint_clip_source,False,0.005,True,False,True,0.8138054316212079
214,1.0,joint_clip_source,False,0.01,True,False,True,0.8138054316212079
214,1.0,joint_clip_source,False,0.02,True,False,True,0.8280495960664757
214,1.0,joint_clip_source,True,0.0,True,False,True,0.8138054316212079
214,1.0,joint_clip_source,True,0.005,True,False,True,0.8138054316212079
214,1.0,joint_clip_source,True,0.01,True,False,True,0.8280495960664757
214,1.0,joint_clip_source,True,0.02,True,False,True,0.8280495960664757
214,1.0,joint_recipe_proxy,False,0.0,True,False,True,0.8138054316212079
214,1.0,joint_recipe_proxy,False,0.005,True,False,True,0.8138054316212079
214,1.0,joint_recipe_proxy,False,0.01,True,False,True,0.8138054316212079
214,1.0,joint_recipe_proxy,False,0.02,True,False,True,0.8284242772473284
214,1.0,joint_recipe_proxy,True,0.0,True,False,True,0.8138054316212079
214,1.0,joint_recipe_proxy,True,0.005,True,False,True,0.8138054316212079
214,1.0,joint_recipe_proxy,True,0.01,True,False,True,0.8284242772473284
214,1.0,joint_recipe_proxy,True,0.02,True,False,True,0.8284242772473284
214,1.0,joint_recipe_shift,False,0.0,True,False,True,0.8138054316212079
214,1.0,joint_recipe_shift,False,0.005,True,False,True,0.8138054316212079
214,1.0,joint_recipe_shift,False,0.01,True,False,True,0.8138054316212079
214,1.0,joint_recipe_shift,False,0.02,True,False,True,0.8284242772473284
214,1.0,joint_recipe_shift,True,0.0,True,False,True,0.8138054316212079
214,1.0,joint_recipe_shift,True,0.005,True,False,True,0.8284242772473284
214,1.0,joint_recipe_shift,True,0.01,True,False,True,0.8284242772473284
214,1.0,joint_recipe_shift,True,0.02,True,False,True,0.8284242772473284
214,1.0,joint_recipe_source,False,0.0,True,False,True,0.8138054316212079
214,1.0,joint_recipe_source,False,0.005,True,False,True,0.8138054316212079
214,1.0,joint_recipe_source,False,0.01,True,False,True,0.8138054316212079
214,1.0,joint_recipe_source,False,0.02,True,False,True,0.8284242772473284
214,1.0,joint_recipe_source,True,0.0,True,False,True,0.8138054316212079
214,1.0,joint_recipe_source,True,0.005,True,False,True,0.8138054316212079
214,1.0,joint_recipe_source,True,0.01,True,False,True,0.8284242772473284
214,1.0,joint_recipe_source,True,0.02,True,False,True,0.8284242772473284
214,1.0,logistic_shift,False,0.0,True,False,True,0.8153135757039139
214,1.0,logistic_shift,False,0.005,True,False,True,0.8153135757039139
214,1.0,logistic_shift,False,0.01,True,False,True,0.8269914880389836
214,1.0,logistic_shift,False,0.02,True,False,True,0.8269914880389836
214,1.0,logistic_shift,True,0.0,True,False,True,0.8269914880389836
214,1.0,logistic_shift,True,0.005,True,False,True,0.8269914880389836
214,1.0,logistic_shift,True,0.01,True,False,True,0.8269914880389836
214,1.0,logistic_shift,True,0.02,False,False,False,
215,1.0,epsilon_shift,False,0.0,False,False,False,
215,1.0,epsilon_shift,False,0.005,False,False,False,
215,1.0,epsilon_shift,False,0.01,False,False,False,
215,1.0,epsilon_shift,False,0.02,False,False,False,
215,1.0,epsilon_shift,True,0.0,False,False,False,
215,1.0,epsilon_shift,True,0.005,False,False,False,
215,1.0,epsilon_shift,True,0.01,False,False,False,
215,1.0,epsilon_shift,True,0.02,False,False,False,
215,1.0,epsilon_source,False,0.0,False,False,False,
215,1.0,epsilon_source,False,0.005,False,False,False,
215,1.0,epsilon_source,False,0.01,False,False,False,
215,1.0,epsilon_source,False,0.02,False,False,False,
215,1.0,epsilon_source,True,0.0,False,False,False,
215,1.0,epsilon_source,True,0.005,False,False,False,
215,1.0,epsilon_source,True,0.01,False,False,False,
215,1.0,epsilon_source,True,0.02,False,False,False,
215,1.0,joint_clip_shift,False,0.0,True,False,True,0.8270484454898432
215,1.0,joint_clip_shift,False,0.005,True,False,True,0.8270484454898432
215,1.0,joint_clip_shift,False,0.01,True,False,True,0.8270484454898432
215,1.0,joint_clip_shift,False,0.02,True,False,True,0.8406063521515535
215,1.0,joint_clip_shift,True,0.0,True,False,True,0.8270484454898432
215,1.0,joint_clip_shift,True,0.005,True,False,True,0.8406063521515535
215,1.0,joint_clip_shift,True,0.01,True,False,True,0.8406063521515535
215,1.0,joint_clip_shift,True,0.02,True,False,True,0.8406063521515535
215,1.0,joint_clip_source,False,0.0,True,False,True,0.8270484454898432
215,1.0,joint_clip_source,False,0.005,True,False,True,0.8270484454898432
215,1.0,joint_clip_source,False,0.01,True,False,True,0.8270484454898432
215,1.0,joint_clip_source,False,0.02,True,False,True,0.8406063521515535
215,1.0,joint_clip_source,True,0.0,True,False,True,0.8270484454898432
215,1.0,joint_clip_source,True,0.005,True,False,True,0.8270484454898432
215,1.0,joint_clip_source,True,0.01,True,False,True,0.8406063521515535
215,1.0,joint_clip_source,True,0.02,True,False,True,0.8406063521515535
215,1.0,joint_recipe_proxy,False,0.0,True,False,True,0.8270484454898432
215,1.0,joint_recipe_proxy,False,0.005,True,False,True,0.8270484454898432
215,1.0,joint_recipe_proxy,False,0.01,True,False,True,0.8270484454898432
215,1.0,joint_recipe_proxy,False,0.02,True,False,True,0.8402856521091755
215,1.0,joint_recipe_proxy,True,0.0,True,False,True,0.8270484454898432
215,1.0,joint_recipe_proxy,True,0.005,True,False,True,0.8270484454898432
215,1.0,joint_recipe_proxy,True,0.01,True,False,True,0.8402856521091755
215,1.0,joint_recipe_proxy,True,0.02,True,False,True,0.8402856521091755
215,1.0,joint_recipe_shift,False,0.0,True,False,True,0.8270484454898432
215,1.0,joint_recipe_shift,False,0.005,True,False,True,0.8270484454898432
215,1.0,joint_recipe_shift,False,0.01,True,False,True,0.8270484454898432
215,1.0,joint_recipe_shift,False,0.02,True,False,True,0.8402856521091755
215,1.0,joint_recipe_shift,True,0.0,True,False,True,0.8270484454898432
215,1.0,joint_recipe_shift,True,0.005,True,False,True,0.8402856521091755
215,1.0,joint_recipe_shift,True,0.01,True,False,True,0.8402856521091755
215,1.0,joint_recipe_shift,True,0.02,True,False,True,0.8402856521091755
215,1.0,joint_recipe_source,False,0.0,True,False,True,0.8270484454898432
215,1.0,joint_recipe_source,False,0.005,True,False,True,0.8270484454898432
215,1.0,joint_recipe_source,False,0.01,True,False,True,0.8270484454898432
215,1.0,joint_recipe_source,False,0.02,True,False,True,0.8402856521091755
215,1.0,joint_recipe_source,True,0.0,True,False,True,0.8270484454898432
215,1.0,joint_recipe_source,True,0.005,True,False,True,0.8270484454898432
215,1.0,joint_recipe_source,True,0.01,True,False,True,0.8402856521091755
215,1.0,joint_recipe_source,True,0.02,True,False,True,0.8402856521091755
215,1.0,logistic_shift,False,0.0,True,False,True,0.8220182445004629
215,1.0,logistic_shift,False,0.005,True,False,True,0.8362758603455438
215,1.0,logistic_shift,False,0.01,True,False,True,0.8362758603455438
215,1.0,logistic_shift,False,0.02,True,False,True,0.8362758603455438
215,1.0,logistic_shift,True,0.0,True,False,True,0.8362758603455438
215,1.0,logistic_shift,True,0.005,True,False,True,0.8362758603455438
215,1.0,logistic_shift,True,0.01,True,False,True,0.8362758603455438
215,1.0,logistic_shift,True,0.02,False,False,False,
216,1.0,epsilon_shift,False,0.0,False,False,False,
216,1.0,epsilon_shift,False,0.005,False,False,False,
216,1.0,epsilon_shift,False,0.01,False,False,False,
216,1.0,epsilon_shift,False,0.02,False,False,False,
216,1.0,epsilon_shift,True,0.0,False,False,False,
216,1.0,epsilon_shift,True,0.005,False,False,False,
216,1.0,epsilon_shift,True,0.01,False,False,False,
216,1.0,epsilon_shift,True,0.02,False,False,False,
216,1.0,epsilon_source,False,0.0,True,False,True,0.803836811001262
216,1.0,epsilon_source,False,0.005,False,False,False,
216,1.0,epsilon_source,False,0.01,False,False,False,
216,1.0,epsilon_source,False,0.02,False,False,False,
216,1.0,epsilon_source,True,0.0,False,False,False,
216,1.0,epsilon_source,True,0.005,False,False,False,
216,1.0,epsilon_source,True,0.01,False,False,False,
216,1.0,epsilon_source,True,0.02,False,False,False,
216,1.0,joint_clip_shift,False,0.0,True,False,True,0.807945819034826
216,1.0,joint_clip_shift,False,0.005,True,False,True,0.807945819034826
216,1.0,joint_clip_shift,False,0.01,True,False,True,0.8288576790930378
216,1.0,joint_clip_shift,False,0.02,True,False,True,0.8288576790930378
216,1.0,joint_clip_shift,True,0.0,True,False,True,0.8288576790930378
216,1.0,joint_clip_shift,True,0.005,True,False,True,0.8288576790930378
216,1.0,joint_clip_shift,True,0.01,True,False,True,0.8288576790930378
216,1.0,joint_clip_shift,True,0.02,True,False,True,0.8288576790930378
216,1.0,joint_clip_source,False,0.0,True,False,True,0.807945819034826
216,1.0,joint_clip_source,False,0.005,True,False,True,0.807945819034826
216,1.0,joint_clip_source,False,0.01,True,False,True,0.807945819034826
216,1.0,joint_clip_source,False,0.02,True,False,True,0.8288576790930378
216,1.0,joint_clip_source,True,0.0,True,False,True,0.807945819034826
216,1.0,joint_clip_source,True,0.005,True,False,True,0.8288576790930378
216,1.0,joint_clip_source,True,0.01,True,False,True,0.8288576790930378
216,1.0,joint_clip_source,True,0.02,True,False,True,0.8288576790930378
216,1.0,joint_recipe_proxy,False,0.0,True,False,True,0.807945819034826
216,1.0,joint_recipe_proxy,False,0.005,True,False,True,0.807945819034826
216,1.0,joint_recipe_proxy,False,0.01,True,False,True,0.807945819034826
216,1.0,joint_recipe_proxy,False,0.02,True,False,True,0.832565477871486
216,1.0,joint_recipe_proxy,True,0.0,True,False,True,0.807945819034826
216,1.0,joint_recipe_proxy,True,0.005,True,False,True,0.8209825145711906
216,1.0,joint_recipe_proxy,True,0.01,True,False,True,0.832565477871486
216,1.0,joint_recipe_proxy,True,0.02,True,False,True,0.832565477871486
216,1.0,joint_recipe_shift,False,0.0,True,False,True,0.807945819034826
216,1.0,joint_recipe_shift,False,0.005,True,False,True,0.807945819034826
216,1.0,joint_recipe_shift,False,0.01,True,False,True,0.8209825145711906
216,1.0,joint_recipe_shift,False,0.02,True,False,True,0.832565477871486
216,1.0,joint_recipe_shift,True,0.0,True,False,True,0.8209825145711906
216,1.0,joint_recipe_shift,True,0.005,True,False,True,0.832565477871486
216,1.0,joint_recipe_shift,True,0.01,True,False,True,0.832565477871486
216,1.0,joint_recipe_shift,True,0.02,True,False,True,0.832565477871486
216,1.0,joint_recipe_source,False,0.0,True,False,True,0.807945819034826
216,1.0,joint_recipe_source,False,0.005,True,False,True,0.807945819034826
216,1.0,joint_recipe_source,False,0.01,True,False,True,0.807945819034826
216,1.0,joint_recipe_source,False,0.02,True,False,True,0.832565477871486
216,1.0,joint_recipe_source,True,0.0,True,False,True,0.807945819034826
216,1.0,joint_recipe_source,True,0.005,True,False,True,0.8209825145711906
216,1.0,joint_recipe_source,True,0.01,True,False,True,0.832565477871486
216,1.0,joint_recipe_source,True,0.02,True,False,True,0.832565477871486
216,1.0,logistic_shift,False,0.0,True,False,True,0.8160023092979463
216,1.0,logistic_shift,False,0.005,True,False,True,0.8292703514697285
216,1.0,logistic_shift,False,0.01,True,False,True,0.8292703514697285
216,1.0,logistic_shift,False,0.02,True,False,True,0.8292703514697285
216,1.0,logistic_shift,True,0.0,True,False,True,0.8292703514697285
216,1.0,logistic_shift,True,0.005,True,False,True,0.8292703514697285
216,1.0,logistic_shift,True,0.01,True,False,True,0.8292703514697285
216,1.0,logistic_shift,True,0.02,False,False,False,
217,1.0,epsilon_shift,False,0.0,False,False,False,
217,1.0,epsilon_shift,False,0.005,False,False,False,
217,1.0,epsilon_shift,False,0.01,False,False,False,
217,1.0,epsilon_shift,False,0.02,False,False,False,
217,1.0,epsilon_shift,True,0.0,False,False,False,
217,1.0,epsilon_shift,True,0.005,False,False,False,
217,1.0,epsilon_shift,True,0.01,False,False,False,
217,1.0,epsilon_shift,True,0.02,False,False,False,
217,1.0,epsilon_source,False,0.0,False,False,False,
217,1.0,epsilon_source,False,0.005,False,False,False,
217,1.0,epsilon_source,False,0.01,False,False,False,
217,1.0,epsilon_source,False,0.02,False,False,False,
217,1.0,epsilon_source,True,0.0,False,False,False,
217,1.0,epsilon_source,True,0.005,False,False,False,
217,1.0,epsilon_source,True,0.01,False,False,False,
217,1.0,epsilon_source,True,0.02,False,False,False,
217,1.0,joint_clip_shift,False,0.0,True,False,True,0.8134873994949832
217,1.0,joint_clip_shift,False,0.005,True,False,True,0.8134873994949832
217,1.0,joint_clip_shift,False,0.01,True,False,True,0.8134873994949832
217,1.0,joint_clip_shift,False,0.02,True,False,True,0.8218444747159279
217,1.0,joint_clip_shift,True,0.0,True,False,True,0.8134873994949832
217,1.0,joint_clip_shift,True,0.005,True,False,True,0.8134873994949832
217,1.0,joint_clip_shift,True,0.01,True,False,True,0.8218444747159279
217,1.0,joint_clip_shift,True,0.02,True,False,True,0.8218444747159279
217,1.0,joint_clip_source,False,0.0,True,False,True,0.8134873994949832
217,1.0,joint_clip_source,False,0.005,True,False,True,0.8134873994949832
217,1.0,joint_clip_source,False,0.01,True,False,True,0.8134873994949832
217,1.0,joint_clip_source,False,0.02,True,False,True,0.8218444747159279
217,1.0,joint_clip_source,True,0.0,True,False,True,0.8134873994949832
217,1.0,joint_clip_source,True,0.005,True,False,True,0.8134873994949832
217,1.0,joint_clip_source,True,0.01,True,False,True,0.8218444747159279
217,1.0,joint_clip_source,True,0.02,True,False,True,0.8218444747159279
217,1.0,joint_recipe_proxy,False,0.0,True,False,True,0.8134873994949832
217,1.0,joint_recipe_proxy,False,0.005,True,False,True,0.8134873994949832
217,1.0,joint_recipe_proxy,False,0.01,True,False,True,0.8134873994949832
217,1.0,joint_recipe_proxy,False,0.02,True,False,True,0.8167413532460629
217,1.0,joint_recipe_proxy,True,0.0,True,False,True,0.8134873994949832
217,1.0,joint_recipe_proxy,True,0.005,True,False,True,0.8134873994949832
217,1.0,joint_recipe_proxy,True,0.01,True,False,True,0.8261159379360756
217,1.0,joint_recipe_proxy,True,0.02,True,False,True,0.8261159379360756
217,1.0,joint_recipe_shift,False,0.0,True,False,True,0.8134873994949832
217,1.0,joint_recipe_shift,False,0.005,True,False,True,0.8134873994949832
217,1.0,joint_recipe_shift,False,0.01,True,False,True,0.8134873994949832
217,1.0,joint_recipe_shift,False,0.02,True,False,True,0.8261159379360756
217,1.0,joint_recipe_shift,True,0.0,True,False,True,0.8134873994949832
217,1.0,joint_recipe_shift,True,0.005,True,False,True,0.8134873994949832
217,1.0,joint_recipe_shift,True,0.01,True,False,True,0.8261159379360756
217,1.0,joint_recipe_shift,True,0.02,True,False,True,0.8261159379360756
217,1.0,joint_recipe_source,False,0.0,True,False,True,0.8134873994949832
217,1.0,joint_recipe_source,False,0.005,True,False,True,0.8134873994949832
217,1.0,joint_recipe_source,False,0.01,True,False,True,0.8134873994949832
217,1.0,joint_recipe_source,False,0.02,True,False,True,0.8167413532460629
217,1.0,joint_recipe_source,True,0.0,True,False,True,0.8134873994949832
217,1.0,joint_recipe_source,True,0.005,True,False,True,0.8134873994949832
217,1.0,joint_recipe_source,True,0.01,True,False,True,0.8261159379360756
217,1.0,joint_recipe_source,True,0.02,True,False,True,0.8261159379360756
217,1.0,logistic_shift,False,0.0,True,False,True,0.8200430676456907
217,1.0,logistic_shift,False,0.005,True,False,True,0.8200430676456907
217,1.0,logistic_shift,False,0.01,True,False,True,0.8200430676456907
217,1.0,logistic_shift,False,0.02,False,False,False,
217,1.0,logistic_shift,True,0.0,True,False,True,0.8200430676456907
217,1.0,logistic_shift,True,0.005,True,False,True,0.8200430676456907
217,1.0,logistic_shift,True,0.01,True,False,True,0.8200430676456907
217,1.0,logistic_shift,True,0.02,False,False,False,
218,1.0,epsilon_shift,False,0.0,False,False,False,
218,1.0,epsilon_shift,False,0.005,False,False,False,
218,1.0,epsilon_shift,False,0.01,False,False,False,
218,1.0,epsilon_shift,False,0.02,False,False,False,
218,1.0,epsilon_shift,True,0.0,False,False,False,
218,1.0,epsilon_shift,True,0.005,False,False,False,
218,1.0,epsilon_shift,True,0.01,False,False,False,
218,1.0,epsilon_shift,True,0.02,False,False,False,
218,1.0,epsilon_source,False,0.0,False,False,False,
218,1.0,epsilon_source,False,0.005,False,False,False,
218,1.0,epsilon_source,False,0.01,False,False,False,
218,1.0,epsilon_source,False,0.02,False,False,False,
218,1.0,epsilon_source,True,0.0,False,False,False,
218,1.0,epsilon_source,True,0.005,False,False,False,
218,1.0,epsilon_source,True,0.01,False,False,False,
218,1.0,epsilon_source,True,0.02,False,False,False,
218,1.0,joint_clip_shift,False,0.0,True,False,True,0.8389408044767127
218,1.0,joint_clip_shift,False,0.005,True,False,True,0.8389408044767127
218,1.0,joint_clip_shift,False,0.01,True,False,True,0.8389408044767127
218,1.0,joint_clip_shift,False,0.02,True,False,True,0.8473750854265207
218,1.0,joint_clip_shift,True,0.0,True,False,True,0.8389408044767127
218,1.0,joint_clip_shift,True,0.005,True,False,True,0.8473750854265207
218,1.0,joint_clip_shift,True,0.01,True,False,True,0.8473750854265207
218,1.0,joint_clip_shift,True,0.02,True,False,True,0.8473750854265207
218,1.0,joint_clip_source,False,0.0,True,False,True,0.8389408044767127
218,1.0,joint_clip_source,False,0.005,True,False,True,0.8389408044767127
218,1.0,joint_clip_source,False,0.01,True,False,True,0.8389408044767127
218,1.0,joint_clip_source,False,0.02,True,False,True,0.8473750854265207
218,1.0,joint_clip_source,True,0.0,True,False,True,0.8389408044767127
218,1.0,joint_clip_source,True,0.005,True,False,True,0.8389408044767127
218,1.0,joint_clip_source,True,0.01,True,False,True,0.8473750854265207
218,1.0,joint_clip_source,True,0.02,True,False,True,0.8473750854265207
218,1.0,joint_recipe_proxy,False,0.0,True,False,True,0.8389408044767127
218,1.0,joint_recipe_proxy,False,0.005,True,False,True,0.8389408044767127
218,1.0,joint_recipe_proxy,False,0.01,True,False,True,0.8389408044767127
218,1.0,joint_recipe_proxy,False,0.02,True,False,True,0.8363990090005071
218,1.0,joint_recipe_proxy,True,0.0,True,False,True,0.8389408044767127
218,1.0,joint_recipe_proxy,True,0.005,True,False,True,0.8389408044767127
218,1.0,joint_recipe_proxy,True,0.01,True,False,True,0.8363990090005071
218,1.0,joint_recipe_proxy,True,0.02,True,False,True,0.8460030758732691
218,1.0,joint_recipe_shift,False,0.0,True,False,True,0.8389408044767127
218,1.0,joint_recipe_shift,False,0.005,True,False,True,0.8389408044767127
218,1.0,joint_recipe_shift,False,0.01,True,False,True,0.8389408044767127
218,1.0,joint_recipe_shift,False,0.02,True,False,True,0.8460030758732691
218,1.0,joint_recipe_shift,True,0.0,True,False,True,0.8389408044767127
218,1.0,joint_recipe_shift,True,0.005,True,False,True,0.8363990090005071
218,1.0,joint_recipe_shift,True,0.01,True,False,True,0.8460030758732691
218,1.0,joint_recipe_shift,True,0.02,True,False,True,0.8460030758732691
218,1.0,joint_recipe_source,False,0.0,True,False,True,0.8389408044767127
218,1.0,joint_recipe_source,False,0.005,True,False,True,0.8389408044767127
218,1.0,joint_recipe_source,False,0.01,True,False,True,0.8389408044767127
218,1.0,joint_recipe_source,False,0.02,True,False,True,0.8363990090005071
218,1.0,joint_recipe_source,True,0.0,True,False,True,0.8389408044767127
218,1.0,joint_recipe_source,True,0.005,True,False,True,0.8389408044767127
218,1.0,joint_recipe_source,True,0.01,True,False,True,0.8363990090005071
218,1.0,joint_recipe_source,True,0.02,True,False,True,0.8460030758732691
218,1.0,logistic_shift,False,0.0,True,False,True,0.8251035229430486
218,1.0,logistic_shift,False,0.005,True,False,True,0.8410750415595486
218,1.0,logistic_shift,False,0.01,True,False,True,0.8410750415595486
218,1.0,logistic_shift,False,0.02,False,False,False,
218,1.0,logistic_shift,True,0.0,True,False,True,0.8410750415595486
218,1.0,logistic_shift,True,0.005,True,False,True,0.8410750415595486
218,1.0,logistic_shift,True,0.01,False,False,False,
218,1.0,logistic_shift,True,0.02,False,False,False,
219,1.0,epsilon_shift,False,0.0,False,False,False,
219,1.0,epsilon_shift,False,0.005,False,False,False,
219,1.0,epsilon_shift,False,0.01,False,False,False,
219,1.0,epsilon_shift,False,0.02,False,False,False,
219,1.0,epsilon_shift,True,0.0,False,False,False,
219,1.0,epsilon_shift,True,0.005,False,False,False,
219,1.0,epsilon_shift,True,0.01,False,False,False,
219,1.0,epsilon_shift,True,0.02,False,False,False,
219,1.0,epsilon_source,False,0.0,False,False,False,
219,1.0,epsilon_source,False,0.005,False,False,False,
219,1.0,epsilon_source,False,0.01,False,False,False,
219,1.0,epsilon_source,False,0.02,False,False,False,
219,1.0,epsilon_source,True,0.0,False,False,False,
219,1.0,epsilon_source,True,0.005,False,False,False,
219,1.0,epsilon_source,True,0.01,False,False,False,
219,1.0,epsilon_source,True,0.02,False,False,False,
219,1.0,joint_clip_shift,False,0.0,True,False,True,0.79992009472708
219,1.0,joint_clip_shift,False,0.005,True,False,True,0.79992009472708
219,1.0,joint_clip_shift,False,0.01,True,False,True,0.8159922330418653
219,1.0,joint_clip_shift,False,0.02,True,False,True,0.8159922330418653
219,1.0,joint_clip_shift,True,0.0,True,False,True,0.8159922330418653
219,1.0,joint_clip_shift,True,0.005,True,False,True,0.8159922330418653
219,1.0,joint_clip_shift,True,0.01,True,False,True,0.8159922330418653
219,1.0,joint_clip_shift,True,0.02,True,False,True,0.8159922330418653
219,1.0,joint_clip_source,False,0.0,True,False,True,0.79992009472708
219,1.0,joint_clip_source,False,0.005,True,False,True,0.79992009472708
219,1.0,joint_clip_source,False,0.01,True,False,True,0.8159922330418653
219,1.0,joint_clip_source,False,0.02,True,False,True,0.8159922330418653
219,1.0,joint_clip_source,True,0.0,True,False,True,0.8159922330418653
219,1.0,joint_clip_source,True,0.005,True,False,True,0.8159922330418653
219,1.0,joint_clip_source,True,0.01,True,False,True,0.8159922330418653
219,1.0,joint_clip_source,True,0.02,True,False,True,0.8159922330418653
219,1.0,joint_recipe_proxy,False,0.0,True,False,True,0.79992009472708
219,1.0,joint_recipe_proxy,False,0.005,True,False,True,0.79992009472708
219,1.0,joint_recipe_proxy,False,0.01,True,False,True,0.8113666285771066
219,1.0,joint_recipe_proxy,False,0.02,True,False,True,0.8167571293720189
219,1.0,joint_recipe_proxy,True,0.0,True,False,True,0.8113666285771066
219,1.0,joint_recipe_proxy,True,0.005,True,False,True,0.8113666285771066
219,1.0,joint_recipe_proxy,True,0.01,True,False,True,0.8167571293720189
219,1.0,joint_recipe_proxy,True,0.02,True,False,True,0.8167571293720189
219,1.0,joint_recipe_shift,False,0.0,True,False,True,0.79992009472708
219,1.0,joint_recipe_shift,False,0.005,True,False,True,0.79992009472708
219,1.0,joint_recipe_shift,False,0.01,True,False,True,0.8113666285771066
219,1.0,joint_recipe_shift,False,0.02,True,False,True,0.8175530769740329
219,1.0,joint_recipe_shift,True,0.0,True,False,True,0.8113666285771066
219,1.0,joint_recipe_shift,True,0.005,True,False,True,0.8175530769740329
219,1.0,joint_recipe_shift,True,0.01,True,False,True,0.8175530769740329
219,1.0,joint_recipe_shift,True,0.02,True,False,True,0.8167571293720189
219,1.0,joint_recipe_source,False,0.0,True,False,True,0.79992009472708
219,1.0,joint_recipe_source,False,0.005,True,False,True,0.79992009472708
219,1.0,joint_recipe_source,False,0.01,True,False,True,0.8113666285771066
219,1.0,joint_recipe_source,False,0.02,True,False,True,0.8167571293720189
219,1.0,joint_recipe_source,True,0.0,True,False,True,0.8113666285771066
219,1.0,joint_recipe_source,True,0.005,True,False,True,0.8113666285771066
219,1.0,joint_recipe_source,True,0.01,True,False,True,0.8167571293720189
219,1.0,joint_recipe_source,True,0.02,True,False,True,0.8167571293720189
219,1.0,logistic_shift,False,0.0,True,False,True,0.8077305246422893
219,1.0,logistic_shift,False,0.005,True,False,True,0.8077305246422893
219,1.0,logistic_shift,False,0.01,True,False,True,0.8081114202437732
219,1.0,logistic_shift,False,0.02,True,False,True,0.8175530769740329
219,1.0,logistic_shift,True,0.0,True,False,True,0.8175530769740329
219,1.0,logistic_shift,True,0.005,True,False,True,0.8175530769740329
219,1.0,logistic_shift,True,0.01,True,False,True,0.8175530769740329
219,1.0,logistic_shift,True,0.02,False,False,False,
