policy,uncertainty_bounds,safety_margin,n_cases,coverage,successful_yield,failed_yield,conditional_failure,selected_worst_auc
epsilon_shift,False,0.0,20,0.3,0.3,0.0,0.0,0.8177151735588111
epsilon_shift,False,0.005,20,0.15,0.15,0.0,0.0,0.8204851893802904
epsilon_shift,False,0.01,20,0.05,0.05,0.0,0.0,0.824548893031247
epsilon_shift,False,0.02,20,0.0,0.0,0.0,,
epsilon_shift,True,0.0,20,0.0,0.0,0.0,,
epsilon_shift,True,0.005,20,0.0,0.0,0.0,,
epsilon_shift,True,0.01,20,0.0,0.0,0.0,,
epsilon_shift,True,0.02,20,0.0,0.0,0.0,,
epsilon_source,False,0.0,20,0.5,0.5,0.0,0.0,0.8103969485390342
epsilon_source,False,0.005,20,0.2,0.2,0.0,0.0,0.815253127541183
epsilon_source,False,0.01,20,0.1,0.1,0.0,0.0,0.8130307114367586
epsilon_source,False,0.02,20,0.0,0.0,0.0,,
epsilon_source,True,0.0,20,0.0,0.0,0.0,,
epsilon_source,True,0.005,20,0.0,0.0,0.0,,
epsilon_source,True,0.01,20,0.0,0.0,0.0,,
epsilon_source,True,0.02,20,0.0,0.0,0.0,,
joint_clip_shift,False,0.0,20,1.0,1.0,0.0,0.0,0.8159022322259892
joint_clip_shift,False,0.005,20,1.0,1.0,0.0,0.0,0.816631247069098
joint_clip_shift,False,0.01,20,1.0,1.0,0.0,0.0,0.8213154931820972
joint_clip_shift,False,0.02,20,1.0,1.0,0.0,0.0,0.8297737927267814
joint_clip_shift,True,0.0,20,1.0,1.0,0.0,0.0,0.8220888645400144
joint_clip_shift,True,0.005,20,1.0,1.0,0.0,0.0,0.8290248784585007
joint_clip_shift,True,0.01,20,1.0,1.0,0.0,0.0,0.8297961593766086
joint_clip_shift,True,0.02,20,0.9,0.9,0.0,0.0,0.8302666666431906
joint_clip_source,False,0.0,20,1.0,1.0,0.0,0.0,0.8159022322259892
joint_clip_source,False,0.005,20,1.0,1.0,0.0,0.0,0.8159022322259892
joint_clip_source,False,0.01,20,1.0,1.0,0.0,0.0,0.8176286652331888
joint_clip_source,False,0.02,20,1.0,1.0,0.0,0.0,0.8277484422742226
joint_clip_source,True,0.0,20,1.0,1.0,0.0,0.0,0.8176286652331888
joint_clip_source,True,0.005,20,1.0,1.0,0.0,0.0,0.8226499340725191
joint_clip_source,True,0.01,20,1.0,1.0,0.0,0.0,0.8285441802819669
joint_clip_source,True,0.02,20,0.95,0.95,0.0,0.0,0.8302756205666564
joint_recipe_proxy,False,0.0,20,1.0,1.0,0.0,0.0,0.8159022322259892
joint_recipe_proxy,False,0.005,20,1.0,1.0,0.0,0.0,0.8159022322259892
joint_recipe_proxy,False,0.01,20,1.0,1.0,0.0,0.0,0.8175748236781144
joint_recipe_proxy,False,0.02,20,1.0,1.0,0.0,0.0,0.8262749447043767
joint_recipe_proxy,True,0.0,20,1.0,1.0,0.0,0.0,0.8175748236781144
joint_recipe_proxy,True,0.005,20,1.0,1.0,0.0,0.0,0.8198613890475546
joint_recipe_proxy,True,0.01,20,1.0,1.0,0.0,0.0,0.8291098113164443
joint_recipe_proxy,True,0.02,20,1.0,1.0,0.0,0.0,0.8312196285142065
joint_recipe_shift,False,0.0,20,1.0,1.0,0.0,0.0,0.8159022322259892
joint_recipe_shift,False,0.005,20,1.0,1.0,0.0,0.0,0.8161668240405007
joint_recipe_shift,False,0.01,20,1.0,1.0,0.0,0.0,0.8198412198302016
joint_recipe_shift,False,0.02,20,1.0,1.0,0.0,0.0,0.8315305967592745
joint_recipe_shift,True,0.0,20,1.0,1.0,0.0,0.0,0.8212790574247801
joint_recipe_shift,True,0.005,20,1.0,1.0,0.0,0.0,0.8285667121923908
joint_recipe_shift,True,0.01,20,1.0,1.0,0.0,0.0,0.8312594592420863
joint_recipe_shift,True,0.02,20,1.0,1.0,0.0,0.0,0.8312196285142065
joint_recipe_source,False,0.0,20,1.0,1.0,0.0,0.0,0.8159022322259892
joint_recipe_source,False,0.005,20,1.0,1.0,0.0,0.0,0.8159022322259892
joint_recipe_source,False,0.01,20,1.0,1.0,0.0,0.0,0.8175748236781144
joint_recipe_source,False,0.02,20,1.0,1.0,0.0,0.0,0.8262749447043767
joint_recipe_source,True,0.0,20,1.0,1.0,0.0,0.0,0.8175748236781144
joint_recipe_source,True,0.005,20,1.0,1.0,0.0,0.0,0.8198613890475546
joint_recipe_source,True,0.01,20,1.0,1.0,0.0,0.0,0.8291098113164443
joint_recipe_source,True,0.02,20,1.0,1.0,0.0,0.0,0.8312196285142065
logistic_shift,False,0.0,20,1.0,1.0,0.0,0.0,0.8188008509459191
logistic_shift,False,0.005,20,1.0,1.0,0.0,0.0,0.822722214183455
logistic_shift,False,0.01,20,1.0,1.0,0.0,0.0,0.8254493631573627
logistic_shift,False,0.02,20,0.7,0.7,0.0,0.0,0.8282931302558982
logistic_shift,True,0.0,20,1.0,1.0,0.0,0.0,0.8283013237217325
logistic_shift,True,0.005,20,1.0,1.0,0.0,0.0,0.8283013237217325
logistic_shift,True,0.01,20,0.9,0.9,0.0,0.0,0.8281579076500902
logistic_shift,True,0.02,20,0.0,0.0,0.0,,
