baseline,policy,bounds,coverage,baseline_margin,policy_margin,success_yield_difference,failure_difference
epsilon_source,epsilon_shift,False,0.25,0.01,0.005,0.0,0.0
epsilon_source,epsilon_shift,False,0.0,0.02,0.02,0.0,
epsilon_source,logistic_shift,True,0.05,0.0,0.02,0.0,0.0
epsilon_source,epsilon_shift,True,0.0,0.005,0.0,0.0,
epsilon_source,epsilon_shift,True,0.0,0.005,0.005,0.0,
epsilon_source,epsilon_shift,True,0.0,0.005,0.01,0.0,
epsilon_source,epsilon_shift,True,0.0,0.005,0.02,0.0,
epsilon_source,epsilon_shift,True,0.0,0.01,0.0,0.0,
epsilon_source,epsilon_shift,True,0.0,0.01,0.005,0.0,
epsilon_source,epsilon_shift,True,0.0,0.01,0.01,0.0,
epsilon_source,epsilon_shift,True,0.0,0.01,0.02,0.0,
epsilon_source,epsilon_shift,True,0.0,0.02,0.0,0.0,
epsilon_source,epsilon_shift,True,0.0,0.02,0.005,0.0,
epsilon_source,epsilon_shift,True,0.0,0.02,0.01,0.0,
epsilon_source,epsilon_shift,True,0.0,0.02,0.02,0.0,
