seed,strength,clip_norm,rule,uncertainty_bounds,selected_epsilon,environment,abstained,failed,loss_violation,floor_violation,gap,auc
10,1.0,1.0,source_only,False,2.0,state_NV,False,False,0.0,0.0,0.011206708595387749,0.8197858839972048
10,1.0,1.0,source_only,False,2.0,state_AZ,False,False,0.0,0.0,0.016340692145760727,0.834820294352497
10,1.0,1.0,source_only,True,,state_NV,True,,,,,
10,1.0,1.0,source_only,True,,state_AZ,True,,,,,
10,1.0,1.0,proxy_stress,False,2.0,state_NV,False,False,0.0,0.0,0.011206708595387749,0.8197858839972048
10,1.0,1.0,proxy_stress,False,2.0,state_AZ,False,False,0.0,0.0,0.016340692145760727,0.834820294352497
10,1.0,1.0,proxy_stress,True,,state_NV,True,,,,,
10,1.0,1.0,proxy_stress,True,,state_AZ,True,,,,,
10,1.0,1.0,natural_shift,False,2.0,state_NV,False,False,0.0,0.0,0.011206708595387749,0.8197858839972048
10,1.0,1.0,natural_shift,False,2.0,state_AZ,False,False,0.0,0.0,0.016340692145760727,0.834820294352497
10,1.0,1.0,natural_shift,True,,state_NV,True,,,,,
10,1.0,1.0,natural_shift,True,,state_AZ,True,,,,,
10,1.0,5.0,source_only,False,2.0,state_NV,False,False,0.0,0.0,0.006101467505241098,0.8248911250873514
10,1.0,5.0,source_only,False,2.0,state_AZ,False,False,0.0,0.0,0.006860890316492396,0.8443000961817654
10,1.0,5.0,source_only,True,2.0,state_NV,False,False,0.0,0.0,0.006101467505241098,0.8248911250873514
10,1.0,5.0,source_only,True,2.0,state_AZ,False,False,0.0,0.0,0.006860890316492396,0.8443000961817654
10,1.0,5.0,proxy_stress,False,2.0,state_NV,False,False,0.0,0.0,0.006101467505241098,0.8248911250873514
10,1.0,5.0,proxy_stress,False,2.0,state_AZ,False,False,0.0,0.0,0.006860890316492396,0.8443000961817654
10,1.0,5.0,proxy_stress,True,2.0,state_NV,False,False,0.0,0.0,0.006101467505241098,0.8248911250873514
10,1.0,5.0,proxy_stress,True,2.0,state_AZ,False,False,0.0,0.0,0.006860890316492396,0.8443000961817654
10,1.0,5.0,natural_shift,False,2.0,state_NV,False,False,0.0,0.0,0.006101467505241098,0.8248911250873514
10,1.0,5.0,natural_shift,False,2.0,state_AZ,False,False,0.0,0.0,0.006860890316492396,0.8443000961817654
10,1.0,5.0,natural_shift,True,2.0,state_NV,False,False,0.0,0.0,0.006101467505241098,0.8248911250873514
10,1.0,5.0,natural_shift,True,2.0,state_AZ,False,False,0.0,0.0,0.006860890316492396,0.8443000961817654
11,1.0,1.0,source_only,False,,state_NV,True,,,,,
11,1.0,1.0,source_only,False,,state_AZ,True,,,,,
11,1.0,1.0,source_only,True,,state_NV,True,,,,,
11,1.0,1.0,source_only,True,,state_AZ,True,,,,,
11,1.0,1.0,proxy_stress,False,,state_NV,True,,,,,
11,1.0,1.0,proxy_stress,False,,state_AZ,True,,,,,
11,1.0,1.0,proxy_stress,True,,state_NV,True,,,,,
11,1.0,1.0,proxy_stress,True,,state_AZ,True,,,,,
11,1.0,1.0,natural_shift,False,,state_NV,True,,,,,
11,1.0,1.0,natural_shift,False,,state_AZ,True,,,,,
11,1.0,1.0,natural_shift,True,,state_NV,True,,,,,
11,1.0,1.0,natural_shift,True,,state_AZ,True,,,,,
11,1.0,5.0,source_only,False,2.0,state_NV,False,False,0.0,0.0,0.014623499046122923,0.8201593536079002
11,1.0,5.0,source_only,False,2.0,state_AZ,False,False,0.0,0.0,0.015658280388123336,0.8263002676084542
11,1.0,5.0,source_only,True,2.0,state_NV,False,False,0.0,0.0,0.014623499046122923,0.8201593536079002
11,1.0,5.0,source_only,True,2.0,state_AZ,False,False,0.0,0.0,0.015658280388123336,0.8263002676084542
11,1.0,5.0,proxy_stress,False,2.0,state_NV,False,False,0.0,0.0,0.014623499046122923,0.8201593536079002
11,1.0,5.0,proxy_stress,False,2.0,state_AZ,False,False,0.0,0.0,0.015658280388123336,0.8263002676084542
11,1.0,5.0,proxy_stress,True,2.0,state_NV,False,False,0.0,0.0,0.014623499046122923,0.8201593536079002
11,1.0,5.0,proxy_stress,True,2.0,state_AZ,False,False,0.0,0.0,0.015658280388123336,0.8263002676084542
11,1.0,5.0,natural_shift,False,2.0,state_NV,False,False,0.0,0.0,0.014623499046122923,0.8201593536079002
11,1.0,5.0,natural_shift,False,2.0,state_AZ,False,False,0.0,0.0,0.015658280388123336,0.8263002676084542
11,1.0,5.0,natural_shift,True,2.0,state_NV,False,False,0.0,0.0,0.014623499046122923,0.8201593536079002
11,1.0,5.0,natural_shift,True,2.0,state_AZ,False,False,0.0,0.0,0.015658280388123336,0.8263002676084542
12,1.0,1.0,source_only,False,,state_NV,True,,,,,
12,1.0,1.0,source_only,False,,state_AZ,True,,,,,
12,1.0,1.0,source_only,True,,state_NV,True,,,,,
12,1.0,1.0,source_only,True,,state_AZ,True,,,,,
12,1.0,1.0,proxy_stress,False,,state_NV,True,,,,,
12,1.0,1.0,proxy_stress,False,,state_AZ,True,,,,,
12,1.0,1.0,proxy_stress,True,,state_NV,True,,,,,
12,1.0,1.0,proxy_stress,True,,state_AZ,True,,,,,
12,1.0,1.0,natural_shift,False,,state_NV,True,,,,,
12,1.0,1.0,natural_shift,False,,state_AZ,True,,,,,
12,1.0,1.0,natural_shift,True,,state_NV,True,,,,,
12,1.0,1.0,natural_shift,True,,state_AZ,True,,,,,
12,1.0,5.0,source_only,False,2.0,state_NV,False,False,0.0,0.0,0.009089428281989775,0.8109316357177603
12,1.0,5.0,source_only,False,2.0,state_AZ,False,False,0.0,0.0,0.009335173038980238,0.8233915906788248
12,1.0,5.0,source_only,True,2.0,state_NV,False,False,0.0,0.0,0.009089428281989775,0.8109316357177603
12,1.0,5.0,source_only,True,2.0,state_AZ,False,False,0.0,0.0,0.009335173038980238,0.8233915906788248
12,1.0,5.0,proxy_stress,False,2.0,state_NV,False,False,0.0,0.0,0.009089428281989775,0.8109316357177603
12,1.0,5.0,proxy_stress,False,2.0,state_AZ,False,False,0.0,0.0,0.009335173038980238,0.8233915906788248
12,1.0,5.0,proxy_stress,True,2.0,state_NV,False,False,0.0,0.0,0.009089428281989775,0.8109316357177603
12,1.0,5.0,proxy_stress,True,2.0,state_AZ,False,False,0.0,0.0,0.009335173038980238,0.8233915906788248
12,1.0,5.0,natural_shift,False,2.0,state_NV,False,False,0.0,0.0,0.009089428281989775,0.8109316357177603
12,1.0,5.0,natural_shift,False,2.0,state_AZ,False,False,0.0,0.0,0.009335173038980238,0.8233915906788248
12,1.0,5.0,natural_shift,True,2.0,state_NV,False,False,0.0,0.0,0.009089428281989775,0.8109316357177603
12,1.0,5.0,natural_shift,True,2.0,state_AZ,False,False,0.0,0.0,0.009335173038980238,0.8233915906788248
13,1.0,1.0,source_only,False,8.0,state_NV,False,False,0.0,0.0,0.017232296893313848,0.7965223727935592
13,1.0,1.0,source_only,False,8.0,state_AZ,False,False,0.0,0.0,0.02004185131551406,0.8291467478540022
13,1.0,1.0,source_only,True,,state_NV,True,,,,,
13,1.0,1.0,source_only,True,,state_AZ,True,,,,,
13,1.0,1.0,proxy_stress,False,,state_NV,True,,,,,
13,1.0,1.0,proxy_stress,False,,state_AZ,True,,,,,
13,1.0,1.0,proxy_stress,True,,state_NV,True,,,,,
13,1.0,1.0,proxy_stress,True,,state_AZ,True,,,,,
13,1.0,1.0,natural_shift,False,8.0,state_NV,False,False,0.0,0.0,0.017232296893313848,0.7965223727935592
13,1.0,1.0,natural_shift,False,8.0,state_AZ,False,False,0.0,0.0,0.02004185131551406,0.8291467478540022
13,1.0,1.0,natural_shift,True,,state_NV,True,,,,,
13,1.0,1.0,natural_shift,True,,state_AZ,True,,,,,
13,1.0,5.0,source_only,False,2.0,state_NV,False,False,0.0,0.0,0.016990855973906926,0.7967638137129661
13,1.0,5.0,source_only,False,2.0,state_AZ,False,False,0.0,0.0,0.01576948408821266,0.8334191150813036
13,1.0,5.0,source_only,True,2.0,state_NV,False,False,0.0,0.0,0.016990855973906926,0.7967638137129661
13,1.0,5.0,source_only,True,2.0,state_AZ,False,False,0.0,0.0,0.01576948408821266,0.8334191150813036
13,1.0,5.0,proxy_stress,False,2.0,state_NV,False,False,0.0,0.0,0.016990855973906926,0.7967638137129661
13,1.0,5.0,proxy_stress,False,2.0,state_AZ,False,False,0.0,0.0,0.01576948408821266,0.8334191150813036
13,1.0,5.0,proxy_stress,True,2.0,state_NV,False,False,0.0,0.0,0.016990855973906926,0.7967638137129661
13,1.0,5.0,proxy_stress,True,2.0,state_AZ,False,False,0.0,0.0,0.01576948408821266,0.8334191150813036
13,1.0,5.0,natural_shift,False,2.0,state_NV,False,False,0.0,0.0,0.016990855973906926,0.7967638137129661
13,1.0,5.0,natural_shift,False,2.0,state_AZ,False,False,0.0,0.0,0.01576948408821266,0.8334191150813036
13,1.0,5.0,natural_shift,True,2.0,state_NV,False,False,0.0,0.0,0.016990855973906926,0.7967638137129661
13,1.0,5.0,natural_shift,True,2.0,state_AZ,False,False,0.0,0.0,0.01576948408821266,0.8334191150813036
14,1.0,1.0,source_only,False,2.0,state_NV,False,False,0.0,0.0,0.014091536004645744,0.8077374147067363
14,1.0,1.0,source_only,False,2.0,state_AZ,False,True,0.002420634920634962,0.0,0.03242063492063496,0.8063202488202489
14,1.0,1.0,source_only,True,,state_NV,True,,,,,
14,1.0,1.0,source_only,True,,state_AZ,True,,,,,
14,1.0,1.0,proxy_stress,False,2.0,state_NV,False,False,0.0,0.0,0.014091536004645744,0.8077374147067363
14,1.0,1.0,proxy_stress,False,2.0,state_AZ,False,True,0.002420634920634962,0.0,0.03242063492063496,0.8063202488202489
14,1.0,1.0,proxy_stress,True,,state_NV,True,,,,,
14,1.0,1.0,proxy_stress,True,,state_AZ,True,,,,,
14,1.0,1.0,natural_shift,False,2.0,state_NV,False,False,0.0,0.0,0.014091536004645744,0.8077374147067363
14,1.0,1.0,natural_shift,False,2.0,state_AZ,False,True,0.002420634920634962,0.0,0.03242063492063496,0.8063202488202489
14,1.0,1.0,natural_shift,True,,state_NV,True,,,,,
14,1.0,1.0,natural_shift,True,,state_AZ,True,,,,,
14,1.0,5.0,source_only,False,2.0,state_NV,False,False,0.0,0.0,0.010010616289198637,0.8118183344221834
14,1.0,5.0,source_only,False,2.0,state_AZ,False,False,0.0,0.0,0.022406692406692574,0.8163341913341913
14,1.0,5.0,source_only,True,2.0,state_NV,False,False,0.0,0.0,0.010010616289198637,0.8118183344221834
14,1.0,5.0,source_only,True,2.0,state_AZ,False,False,0.0,0.0,0.022406692406692574,0.8163341913341913
14,1.0,5.0,proxy_stress,False,2.0,state_NV,False,False,0.0,0.0,0.010010616289198637,0.8118183344221834
14,1.0,5.0,proxy_stress,False,2.0,state_AZ,False,False,0.0,0.0,0.022406692406692574,0.8163341913341913
14,1.0,5.0,proxy_stress,True,2.0,state_NV,False,False,0.0,0.0,0.010010616289198637,0.8118183344221834
14,1.0,5.0,proxy_stress,True,2.0,state_AZ,False,False,0.0,0.0,0.022406692406692574,0.8163341913341913
14,1.0,5.0,natural_shift,False,2.0,state_NV,False,False,0.0,0.0,0.010010616289198637,0.8118183344221834
14,1.0,5.0,natural_shift,False,2.0,state_AZ,False,False,0.0,0.0,0.022406692406692574,0.8163341913341913
14,1.0,5.0,natural_shift,True,2.0,state_NV,False,False,0.0,0.0,0.010010616289198637,0.8118183344221834
14,1.0,5.0,natural_shift,True,2.0,state_AZ,False,False,0.0,0.0,0.022406692406692574,0.8163341913341913
