seed,strength,clip_norm,partition,environment,requested_epsilon,achieved_epsilon,reference_auc,auc,gap,gap_se,auc_se,clusters,gap_upper,auc_lower,bounds_supported,alpha,family,method,clipping_gap,noise_gap,pr_auc,total_interaction,clipping_interaction,noise_interaction
10,1.0,1.0,validation,source,2.0,1.9909995955023065,0.863987784246405,0.8369563865253521,0.027031397721052897,0.0043475478090866364,0.009184431016760971,1111,0.04020560237096261,0.8091251632424488,True,0.05,40,paired cluster influence sandwich; asymptotic Bonferroni bounds,,,,,,
10,1.0,1.0,validation,state_OR,2.0,1.9909995955023065,0.8389614695580095,0.8237674804139147,0.015193989144094866,0.004707412190912655,0.00923568869860734,1212,0.029455954886828888,0.7957862732265839,True,0.05,40,paired cluster influence sandwich; asymptotic Bonferroni bounds,,,,,,
10,1.0,1.0,validation,state_WA,2.0,1.9909995955023065,0.8362974464831336,0.8097087338995111,0.026588712583622498,0.004903277790027896,0.009784954088669258,1211,0.041444114709507034,0.7800633754280563,True,0.05,40,paired cluster influence sandwich; asymptotic Bonferroni bounds,,,,,,
10,1.0,1.0,validation,proxy_0.5,2.0,1.9909995955023065,0.8621710744555572,0.8350557089781228,0.027115365477434428,0.004323267936640394,0.00922741534639146,1111,0.040215995776347484,0.8070942319567539,True,0.05,40,paired cluster influence sandwich; asymptotic Bonferroni bounds,,,,,,
10,1.0,1.0,validation,proxy_0.75,2.0,1.9909995955023065,0.8639318057421506,0.8366972267834337,0.027234578958716837,0.004340508955602479,0.009175519997119467,1111,0.04038745404530186,0.8088930062159809,True,0.05,40,paired cluster influence sandwich; asymptotic Bonferroni bounds,,,,,,
10,1.0,1.0,validation,source,8.0,7.998197999765249,0.863987784246405,0.837544160820023,0.026443623426381957,0.004296607716192358,0.009146632334066545,1111,0.03946346629853916,0.8098274774118216,True,0.05,40,paired cluster influence sandwich; asymptotic Bonferroni bounds,,,,,,
10,1.0,1.0,validation,state_OR,8.0,7.998197999765249,0.8389614695580095,0.8239567902885104,0.01500467926949911,0.004626643245466399,0.009225573338869437,1212,0.02902194072751913,0.7960062294325836,True,0.05,40,paired cluster influence sandwich; asymptotic Bonferroni bounds,,,,,,
10,1.0,1.0,validation,state_WA,8.0,7.998197999765249,0.8362974464831336,0.8090788534747042,0.027218593008429437,0.004859134420022339,0.00980176905725313,1211,0.04194025449372495,0.779382550893871,True,0.05,40,paired cluster influence sandwich; asymptotic Bonferroni bounds,,,,,,
10,1.0,1.0,validation,proxy_0.5,8.0,7.998197999765249,0.8621710744555572,0.8355885414075069,0.02658253304805025,0.004281840125530271,0.009192839835405552,1111,0.03955762626589387,0.8077318372092572,True,0.05,40,paired cluster influence sandwich; asymptotic Bonferroni bounds,,,,,,
10,1.0,1.0,validation,proxy_0.75,8.0,7.998197999765249,0.8639318057421506,0.8372010333217229,0.02673077242042765,0.004297639395114146,0.00913916087198901,1111,0.03975374154900468,0.8095069903938028,True,0.05,40,paired cluster influence sandwich; asymptotic Bonferroni bounds,,,,,,
10,1.0,5.0,validation,source,2.0,1.9909995955023065,0.863987784246405,0.8526459173010896,0.01134186694531536,0.002822624116941333,0.008583181477854933,1111,0.01989515477544231,0.8266366370580436,True,0.05,40,paired cluster influence sandwich; asymptotic Bonferroni bounds,,,,,,
10,1.0,5.0,validation,state_OR,2.0,1.9909995955023065,0.8389614695580095,0.8306575042113424,0.008303965346667108,0.0035718277393643324,0.00904778703854329,1212,0.019125470409703645,0.8032455794514162,True,0.05,40,paired cluster influence sandwich; asymptotic Bonferroni bounds,,,,,,
10,1.0,5.0,validation,state_WA,2.0,1.9909995955023065,0.8362974464831336,0.8272718827299447,0.00902556375318897,0.003959278904345658,0.009221875969483078,1211,0.021020943735984454,0.7993324753073595,True,0.05,40,paired cluster influence sandwich; asymptotic Bonferroni bounds,,,,,,
10,1.0,5.0,validation,proxy_0.5,2.0,1.9909995955023065,0.8621710744555572,0.8540179089748055,0.008153165480751734,0.0026987616171957624,0.008537372396880039,1111,0.01633111760630357,0.8281474422041095,True,0.05,40,paired cluster influence sandwich; asymptotic Bonferroni bounds,,,,,,
10,1.0,5.0,validation,proxy_0.75,2.0,1.9909995955023065,0.8639318057421506,0.8547575508782403,0.009174254863910214,0.002753700499291753,0.008501407213533511,1111,0.017518686142251834,0.8289960680006457,True,0.05,40,paired cluster influence sandwich; asymptotic Bonferroni bounds,,,,,,
10,1.0,5.0,validation,source,8.0,7.998197999765249,0.863987784246405,0.8618491980560946,0.0021385861903103764,0.0010027713267641433,0.008232473817256666,1111,0.005177245051804924,0.8369026535656849,True,0.05,40,paired cluster influence sandwich; asymptotic Bonferroni bounds,,,,,,
10,1.0,5.0,validation,state_OR,8.0,7.998197999765249,0.8389614695580095,0.8383924703869088,0.0005689991711007591,0.0012799468868356736,0.00889179336274284,1212,0.004446832237813856,0.811453156983312,True,0.05,40,paired cluster influence sandwich; asymptotic Bonferroni bounds,,,,,,
10,1.0,5.0,validation,state_WA,8.0,7.998197999765249,0.8362974464831336,0.837375491424132,-0.0010780449409983905,0.0014776925262826699,0.00899276883903245,1211,0.003398902447335971,0.8101302071368245,True,0.05,40,paired cluster influence sandwich; asymptotic Bonferroni bounds,,,,,,
10,1.0,5.0,validation,proxy_0.5,8.0,7.998197999765249,0.8621710744555572,0.8610784569836295,0.0010926174719276815,0.0009474104839270355,0.008194931847062473,1111,0.003963518529447493,0.8362456744620395,True,0.05,40,paired cluster influence sandwich; asymptotic Bonferroni bounds,,,,,,
10,1.0,5.0,validation,proxy_0.75,8.0,7.998197999765249,0.8639318057421506,0.8626308238377203,0.0013009819044302873,0.0009805165918890905,0.008158286388114508,1111,0.004272203110366303,0.8379090866218681,True,0.05,40,paired cluster influence sandwich; asymptotic Bonferroni bounds,,,,,,
10,1.0,1.0,test,source,2.0,,0.8461617405582922,0.8221469622331691,0.02401477832512311,0.003965600127603261,0.009285594883176382,1166,0.036030283747725475,0.7940122254768622,True,0.05,40,paired cluster influence sandwich; asymptotic Bonferroni bounds,0.023000945414738294,0.0010138329103848154,0.7301310479521238,0.0,0.0,0.0
10,1.0,1.0,test,source,8.0,,0.8461617405582922,0.8229399910434393,0.023221749514852896,0.003943723428361819,0.009257767975070972,1166,0.035170969989425704,0.7948895679734538,True,0.05,40,paired cluster influence sandwich; asymptotic Bonferroni bounds,0.023000945414738294,0.00022080410011460216,0.7307077653100212,0.0,0.0,0.0
10,1.0,1.0,test,state_NV,2.0,,0.8309925925925925,0.8197858839972048,0.011206708595387749,0.0042817648206964,0.009536835371640367,1194,0.024179508295872468,0.7908913836606202,True,0.05,40,paired cluster influence sandwich; asymptotic Bonferroni bounds,0.01057945492662471,0.0006272536687630392,0.6804610503858879,-0.01280806972973536,-0.012421490488113585,-0.00038657924162177615
10,1.0,1.0,test,state_NV,8.0,,0.8309925925925925,0.8203639412997904,0.010628651292802105,0.004251061746206292,0.009509676191505823,1194,0.02350842747325976,0.7915517272677248,True,0.05,40,paired cluster influence sandwich; asymptotic Bonferroni bounds,0.01057945492662471,4.919636617739531e-05,0.6828732567607704,-0.012593098222050791,-0.012421490488113585,-0.00017160773393720685
10,1.0,1.0,test,state_AZ,2.0,,0.8511609864982578,0.834820294352497,0.016340692145760727,0.004378652985536152,0.009093703516408452,1215,0.029606553031124166,0.8072694000067001,True,0.05,40,paired cluster influence sandwich; asymptotic Bonferroni bounds,0.01676489002613235,-0.000424197880371624,0.6758437623656391,-0.007674086179362383,-0.006236055388605943,-0.0014380307907564394
10,1.0,1.0,test,state_AZ,8.0,,0.8511609864982578,0.8346042256460511,0.016556760852206698,0.004391713607456909,0.009091320277607253,1215,0.02986219107408742,0.8070605517204377,True,0.05,40,paired cluster influence sandwich; asymptotic Bonferroni bounds,0.01676489002613235,-0.000208129173925653,0.6738320617959725,-0.0066649886626461985,-0.006236055388605943,-0.00042893327404025516
10,1.0,5.0,test,source,2.0,,0.8461617405582922,0.8346913303809855,0.011470410177306656,0.0026512388103555446,0.00896228809166601,1166,0.019503487965634773,0.8075361917640667,True,0.05,40,paired cluster influence sandwich; asymptotic Bonferroni bounds,0.000181411819342725,0.01128899835796393,0.7501270138541605,0.0,0.0,0.0
10,1.0,5.0,test,source,8.0,,0.8461617405582922,0.843210429417326,0.0029513111409661397,0.0009856845842338084,0.008738476595348788,1166,0.005937870069184373,0.8167334247930207,True,0.05,40,paired cluster influence sandwich; asymptotic Bonferroni bounds,0.000181411819342725,0.0027698993216234147,0.7547900962515821,0.0,0.0,0.0
10,1.0,5.0,test,state_NV,2.0,,0.8309925925925925,0.8248911250873514,0.006101467505241098,0.003104556360821462,0.00931233582816637,1194,0.015507586130236522,0.7966768086777917,True,0.05,40,paired cluster influence sandwich; asymptotic Bonferroni bounds,2.6834381551377184e-05,0.006074633123689721,0.6762675090936627,-0.0053689426720655575,-0.0001545774377913478,-0.00521436523427421
10,1.0,5.0,test,state_NV,8.0,,0.8309925925925925,0.8296464011180992,0.00134619147449333,0.0012150094370601647,0.009188913913152732,1194,0.00502740114415861,0.8018060257933891,True,0.05,40,paired cluster influence sandwich; asymptotic Bonferroni bounds,2.6834381551377184e-05,0.001319357092941953,0.6887793067050533,-0.0016051196664728096,-0.0001545774377913478,-0.0014505422286814618
10,1.0,5.0,test,state_AZ,2.0,,0.8511609864982578,0.8443000961817654,0.006860890316492396,0.003231801681124538,0.008935674361872934,1215,0.016652173538182137,0.8172279775660445,True,0.05,40,paired cluster influence sandwich; asymptotic Bonferroni bounds,-8.166376306639744e-05,0.006942554079558794,0.6853988512205704,-0.00460951986081426,-0.00026307558240912243,-0.004346444278405137
10,1.0,5.0,test,state_AZ,8.0,,0.8511609864982578,0.8493507730836236,0.0018102134146341653,0.0011082896596193881,0.008787959128535578,1215,0.005167962131822664,0.8227261824502697,True,0.05,40,paired cluster influence sandwich; asymptotic Bonferroni bounds,-8.166376306639744e-05,0.0018918771777005627,0.6882555771441816,-0.0011410977263319744,-0.00026307558240912243,-0.0008780221439228519
11,1.0,1.0,validation,source,2.0,1.9909995955023065,0.8462567774936061,0.81176368286445,0.03449309462915606,0.004767755414905624,0.009467071467059988,1148,0.048939571621402674,0.7830781027054384,True,0.05,40,paired cluster influence sandwich; asymptotic Bonferroni bounds,,,,,,
11,1.0,1.0,validation,state_OR,2.0,1.9909995955023065,0.8450837389618311,0.8142799780464145,0.03080376091541659,0.0050817690905268975,0.009976522566307705,1195,0.04620036903329662,0.7840533767199264,True,0.05,40,paired cluster influence sandwich; asymptotic Bonferroni bounds,,,,,,
11,1.0,1.0,validation,state_WA,2.0,1.9909995955023065,0.8371184146684031,0.801457136290508,0.03566127837789512,0.005173705453053433,0.00963558621938626,1219,0.05133577588162817,0.7722647183004894,True,0.05,40,paired cluster influence sandwich; asymptotic Bonferroni bounds,,,,,,
11,1.0,1.0,validation,proxy_0.5,2.0,1.9909995955023065,0.8462849104859336,0.8103554987212278,0.035929411764705765,0.004746714687261885,0.00949834413792006,1148,0.05031213456627911,0.7815751612014142,True,0.05,40,paired cluster influence sandwich; asymptotic Bonferroni bounds,,,,,,
11,1.0,1.0,validation,proxy_0.75,2.0,1.9909995955023065,0.8462772378516624,0.8108961636828644,0.03538107416879799,0.004772689440393657,0.009480558389870632,1148,0.04984250144256894,0.7821697176439735,True,0.05,40,paired cluster influence sandwich; asymptotic Bonferroni bounds,,,,,,
11,1.0,1.0,validation,source,8.0,7.998197999765249,0.8462567774936061,0.8118291560102302,0.03442762148337586,0.004710647106492894,0.009453093285936737,1148,0.04870105816802377,0.7831859302621348,True,0.05,40,paired cluster influence sandwich; asymptotic Bonferroni bounds,,,,,,
11,1.0,1.0,validation,state_OR,8.0,7.998197999765249,0.8450837389618311,0.8153361942826841,0.029747544679146976,0.005073459509111841,0.009962498464383844,1195,0.04511897664943114,0.7851520828052388,True,0.05,40,paired cluster influence sandwich; asymptotic Bonferroni bounds,,,,,,
11,1.0,1.0,validation,state_WA,8.0,7.998197999765249,0.8371184146684031,0.8025220255879874,0.034596389080415735,0.005120498197355482,0.009607952999772235,1219,0.05010968741960689,0.7734133264791053,True,0.05,40,paired cluster influence sandwich; asymptotic Bonferroni bounds,,,,,,
11,1.0,1.0,validation,proxy_0.5,8.0,7.998197999765249,0.8462849104859336,0.8105856777493607,0.03569923273657283,0.004682329039243851,0.009472122469181355,1148,0.04988686461972039,0.7818847928652566,True,0.05,40,paired cluster influence sandwich; asymptotic Bonferroni bounds,,,,,,
11,1.0,1.0,validation,proxy_0.75,8.0,7.998197999765249,0.8462772378516624,0.8109872122762148,0.03529002557544758,0.004706792027225729,0.009460211436372249,1148,0.04955178122592116,0.7823224182664229,True,0.05,40,paired cluster influence sandwich; asymptotic Bonferroni bounds,,,,,,
11,1.0,5.0,validation,source,2.0,1.9909995955023065,0.8462567774936061,0.8385534526854219,0.007703324808184142,0.0029863466988065963,0.008919751050441425,1148,0.01675206685151631,0.8115262738322634,True,0.05,40,paired cluster influence sandwich; asymptotic Bonferroni bounds,,,,,,
11,1.0,5.0,validation,state_OR,2.0,1.9909995955023065,0.8450837389618311,0.8305580378819373,0.014525701079893816,0.0034278049312392,0.009441610319812091,1195,0.02491117281043925,0.801952099377792,True,0.05,40,paired cluster influence sandwich; asymptotic Bonferroni bounds,,,,,,
11,1.0,5.0,validation,state_WA,2.0,1.9909995955023065,0.8371184146684031,0.8199055134196482,0.017212901248754853,0.00388570385209877,0.009330440917625332,1219,0.0289852094875283,0.7916375777593889,True,0.05,40,paired cluster influence sandwich; asymptotic Bonferroni bounds,,,,,,
11,1.0,5.0,validation,proxy_0.5,2.0,1.9909995955023065,0.8462849104859336,0.8386797953964193,0.007605115089514225,0.002884306517341846,0.008967895537203606,1148,0.016344671571605858,0.8115067369500797,True,0.05,40,paired cluster influence sandwich; asymptotic Bonferroni bounds,,,,,,
11,1.0,5.0,validation,proxy_0.75,2.0,1.9909995955023065,0.8462772378516624,0.8391447570332481,0.007132480818414333,0.002951069184866645,0.008935228364956613,1148,0.016074330676823616,0.8120706813390002,True,0.05,40,paired cluster influence sandwich; asymptotic Bonferroni bounds,,,,,,
11,1.0,5.0,validation,source,8.0,7.998197999765249,0.8462567774936061,0.8456624040920716,0.0005943734015344537,0.0009517694767938916,0.008682397071568386,1148,0.003478270466689949,0.8193544166605383,True,0.05,40,paired cluster influence sandwich; asymptotic Bonferroni bounds,,,,,,
11,1.0,5.0,validation,state_OR,8.0,7.998197999765249,0.8450837389618311,0.8420012897185861,0.003082449243244967,0.0012130992823128608,0.009094440857065513,1195,0.006757865013841515,0.8144471959703091,True,0.05,40,paired cluster influence sandwich; asymptotic Bonferroni bounds,,,,,,
11,1.0,5.0,validation,state_WA,8.0,7.998197999765249,0.8371184146684031,0.8352409407798974,0.0018774738885056763,0.0013718998915202803,0.008877873801330243,1219,0.006033845297766145,0.8083441234020777,True,0.05,40,paired cluster influence sandwich; asymptotic Bonferroni bounds,,,,,,
11,1.0,5.0,validation,proxy_0.5,8.0,7.998197999765249,0.8462849104859336,0.845537084398977,0.0007478260869565601,0.0009018487069987269,0.008698771548572912,1148,0.0034804613549933453,0.8191794816905009,True,0.05,40,paired cluster influence sandwich; asymptotic Bonferroni bounds,,,,,,
11,1.0,5.0,validation,proxy_0.75,8.0,7.998197999765249,0.8462772378516624,0.8457780051150894,0.0004992327365730409,0.0009337418663774193,0.008692709672866136,1148,0.003328505468799766,0.8194387701164279,True,0.05,40,paired cluster influence sandwich; asymptotic Bonferroni bounds,,,,,,
11,1.0,1.0,test,source,2.0,,0.869990766673218,0.8329684019588575,0.03702236471436049,0.004368014304977,0.008801568120986583,1145,0.05025768806764857,0.8062991669326541,True,0.05,40,paired cluster influence sandwich; asymptotic Bonferroni bounds,0.03648494824423476,0.0005374164701257289,0.7673138832937378,0.0,0.0,0.0
11,1.0,1.0,test,source,8.0,,0.869990766673218,0.8333788857769916,0.036611880896226356,0.004313308384441246,0.008784645693769341,1145,0.04968144230436582,0.8067609266350929,True,0.05,40,paired cluster influence sandwich; asymptotic Bonferroni bounds,0.03648494824423476,0.00012693265199159587,0.7676388235233291,0.0,0.0,0.0
11,1.0,1.0,test,state_NV,2.0,,0.8347828526540231,0.8070345640219954,0.027748288632027718,0.00514206155359551,0.00989061323090037,1232,0.04332657329373351,0.7770701641827786,True,0.05,40,paired cluster influence sandwich; asymptotic Bonferroni bounds,0.02675906183368859,0.0009892267983391267,0.6745713948164507,-0.009274076082332772,-0.00972588641054617,0.00045181032821339784
11,1.0,1.0,test,state_NV,8.0,,0.8347828526540231,0.8079227920547639,0.02686006059925916,0.005030550709260514,0.009871539800829702,1232,0.0421005142844565,0.7780161766897351,True,0.05,40,paired cluster influence sandwich; asymptotic Bonferroni bounds,0.02675906183368859,0.00010099876557057019,0.674883315068161,-0.009751820296967195,-0.00972588641054617,-2.5933886421025676e-05
11,1.0,1.0,test,state_AZ,2.0,,0.8419585479965775,0.8045172580146002,0.03744128998197738,0.005316130422801463,0.009888149355816387,1231,0.05354695714736139,0.7745602724366463,True,0.05,40,paired cluster influence sandwich; asymptotic Bonferroni bounds,0.037024858458793664,0.00041643152318371346,0.6456524661599768,0.00041892526761688753,0.000539910214558903,-0.00012098494694201545
11,1.0,1.0,test,state_AZ,8.0,,0.8419585479965775,0.8049848901348966,0.03697365786168094,0.005237429319607752,0.009874218046468987,1231,0.052840893372312875,0.7750701106379985,True,0.05,40,paired cluster influence sandwich; asymptotic Bonferroni bounds,0.037024858458793664,-5.1200597112721624e-05,0.6470809947187329,0.0003617769654545855,0.000539910214558903,-0.0001781332491043175
11,1.0,5.0,test,source,2.0,,0.869990766673218,0.8584921015133649,0.011498665159853094,0.0028237841750894106,0.008154244372588942,1145,0.02005488636879508,0.8337842930132934,True,0.05,40,paired cluster influence sandwich; asymptotic Bonferroni bounds,0.0003418992400417986,0.011156765919811296,0.7976370598381219,0.0,0.0,0.0
11,1.0,5.0,test,source,8.0,,0.869990766673218,0.8689271938875787,0.0010635727856392885,0.0009025727124051648,0.007793911510397882,1145,0.003798417697874425,0.8453112137591497,True,0.05,40,paired cluster influence sandwich; asymptotic Bonferroni bounds,0.0003418992400417986,0.0007216735455974899,0.8082126325935473,0.0,0.0,0.0
11,1.0,5.0,test,state_NV,2.0,,0.8347828526540231,0.8201593536079002,0.014623499046122923,0.003947891231993516,0.009589746411889038,1232,0.02658394969114553,0.7911064537386796,True,0.05,40,paired cluster influence sandwich; asymptotic Bonferroni bounds,0.00016047581640665776,0.014463023229716265,0.691125997144152,0.003124833886269829,-0.00018142342363514086,0.0033062573099049697
11,1.0,5.0,test,state_NV,8.0,,0.8347828526540231,0.8329368196610929,0.00184603299293018,0.0012737471846745163,0.009239223591303306,1232,0.005704951448706185,0.8049458565700679,True,0.05,40,paired cluster influence sandwich; asymptotic Bonferroni bounds,0.00016047581640665776,0.0016855571765235222,0.7011191287497823,0.0007824602072908915,-0.00018142342363514086,0.0009638836309260324
11,1.0,5.0,test,state_AZ,2.0,,0.8419585479965775,0.8263002676084542,0.015658280388123336,0.004095886089085987,0.009473679198332316,1231,0.02806711404186625,0.797598954460543,True,0.05,40,paired cluster influence sandwich; asymptotic Bonferroni bounds,0.0002719320602210251,0.01538634832790231,0.6715052981763294,0.0041596152282702414,-6.99671798207735e-05,0.004229582408091015
11,1.0,5.0,test,state_AZ,8.0,,0.8419585479965775,0.8414658844732481,0.0004926635233294396,0.001494275444950991,0.009002478176226104,1231,0.005019697485205878,0.8141921147124369,True,0.05,40,paired cluster influence sandwich; asymptotic Bonferroni bounds,0.0002719320602210251,0.00022073146310841452,0.7029537423100873,-0.0005709092623098488,-6.99671798207735e-05,-0.0005009420824890753
12,1.0,1.0,validation,source,2.0,1.9909995955023065,0.8577845869466567,0.8208704032906048,0.036914183656051924,0.004535682387474485,0.009416171727665748,1136,0.05065779246473247,0.7923383832669422,True,0.05,40,paired cluster influence sandwich; asymptotic Bonferroni bounds,,,,,,
12,1.0,1.0,validation,state_OR,2.0,1.9909995955023065,0.8410875111293746,0.8163503355934524,0.02473717553592225,0.0050684573529334274,0.009507143926786157,1194,0.04009347948616121,0.7875457937630076,True,0.05,40,paired cluster influence sandwich; asymptotic Bonferroni bounds,,,,,,
12,1.0,1.0,validation,state_WA,2.0,1.9909995955023065,0.8444777249984943,0.8071749199378083,0.03730280506068595,0.0053181588827363475,0.010188130581168917,1211,0.05341516747528694,0.7763080624650187,True,0.05,40,paired cluster influence sandwich; asymptotic Bonferroni bounds,,,,,,
12,1.0,1.0,validation,proxy_0.5,2.0,1.9909995955023065,0.8551482312582482,0.8183516584165629,0.03679657284168536,0.004457518110042601,0.009511521812521344,1136,0.05030333542524141,0.7895307173102097,True,0.05,40,paired cluster influence sandwich; asymptotic Bonferroni bounds,,,,,,
12,1.0,1.0,validation,proxy_0.75,2.0,1.9909995955023065,0.8567854154263757,0.8189823854387405,0.037803029987635184,0.0045353563528978446,0.009484247430201657,1136,0.05154565087624183,0.7902440886643924,True,0.05,40,paired cluster influence sandwich; asymptotic Bonferroni bounds,,,,,,
12,1.0,1.0,validation,source,8.0,7.998197999765249,0.8577845869466567,0.8210119525893114,0.036772634357345346,0.004498881835610383,0.009392375205372382,1136,0.05040473350870057,0.7925520386051524,True,0.05,40,paired cluster influence sandwich; asymptotic Bonferroni bounds,,,,,,
12,1.0,1.0,validation,state_OR,8.0,7.998197999765249,0.8410875111293746,0.8171336723512087,0.023953838778165926,0.00504202746232605,0.00949573670385894,1194,0.03923006600973554,0.7883636918814109,True,0.05,40,paired cluster influence sandwich; asymptotic Bonferroni bounds,,,,,,
12,1.0,1.0,validation,state_WA,8.0,7.998197999765249,0.8444777249984943,0.8077343599261294,0.036743365072364864,0.005275204406090778,0.010184869877808651,1211,0.052725588822382215,0.7768773813673447,True,0.05,40,paired cluster influence sandwich; asymptotic Bonferroni bounds,,,,,,
12,1.0,1.0,validation,proxy_0.5,8.0,7.998197999765249,0.8551482312582482,0.818812734441026,0.03633549681722226,0.004415921735225039,0.009475385470993879,1136,0.049716217880558425,0.79010129036275,True,0.05,40,paired cluster influence sandwich; asymptotic Bonferroni bounds,,,,,,
12,1.0,1.0,validation,proxy_0.75,8.0,7.998197999765249,0.8567854154263757,0.8194694815548774,0.03731593387149823,0.004485505654462136,0.009442675440818714,1136,0.05090750174545113,0.7908571524102416,True,0.05,40,paired cluster influence sandwich; asymptotic Bonferroni bounds,,,,,,
12,1.0,5.0,validation,source,2.0,1.9909995955023065,0.8577845869466567,0.8499015399731057,0.007883046973551022,0.0024651036949186987,0.008827731374431545,1136,0.01535257811827035,0.8231525579426735,True,0.05,40,paired cluster influence sandwich; asymptotic Bonferroni bounds,,,,,,
12,1.0,5.0,validation,state_OR,2.0,1.9909995955023065,0.8410875111293746,0.8273839334634614,0.013703577665913236,0.0029643167479356026,0.009315264812292745,1194,0.022684801303858464,0.7991607428802867,True,0.05,40,paired cluster influence sandwich; asymptotic Bonferroni bounds,,,,,,
12,1.0,5.0,validation,state_WA,2.0,1.9909995955023065,0.8444777249984943,0.8335329145700429,0.010944810428451412,0.003561496465295512,0.009304526320415951,1211,0.02173503370918873,0.8053431023669146,True,0.05,40,paired cluster influence sandwich; asymptotic Bonferroni bounds,,,,,,
12,1.0,5.0,validation,proxy_0.5,2.0,1.9909995955023065,0.8551482312582482,0.8479281762205504,0.007220055037697848,0.0023372162468391004,0.008907159757669026,1136,0.01430207336564671,0.8209385175875111,True,0.05,40,paired cluster influence sandwich; asymptotic Bonferroni bounds,,,,,,
12,1.0,5.0,validation,proxy_0.75,2.0,1.9909995955023065,0.8567854154263757,0.8486754732534273,0.008109942172948359,0.0023837324928181482,0.00885122740104673,1136,0.01533290976351531,0.8218552957179374,True,0.05,40,paired cluster influence sandwich; asymptotic Bonferroni bounds,,,,,,
12,1.0,5.0,validation,source,8.0,7.998197999765249,0.8577845869466567,0.857201216491326,0.000583370455330745,0.0008485289194555542,0.008560260880889124,1136,0.003154504969522992,0.8312626990210364,True,0.05,40,paired cluster influence sandwich; asymptotic Bonferroni bounds,,,,,,
12,1.0,5.0,validation,state_OR,8.0,7.998197999765249,0.8410875111293746,0.8385459471953977,0.0025415639339769758,0.0010114370754834418,0.009034625640243137,1194,0.005605994405839432,0.8111730311881437,True,0.05,40,paired cluster influence sandwich; asymptotic Bonferroni bounds,,,,,,
12,1.0,5.0,validation,state_WA,8.0,7.998197999765249,0.8444777249984943,0.8443593033951271,0.00011842160336716923,0.0011849102962072314,0.00903251803486552,1211,0.003708330168013114,0.8169935914442102,True,0.05,40,paired cluster influence sandwich; asymptotic Bonferroni bounds,,,,,,
12,1.0,5.0,validation,proxy_0.5,8.0,7.998197999765249,0.8551482312582482,0.8540153164667629,0.0011329147914853621,0.0007917009446778779,0.00867492487664087,1136,0.0035318543881298595,0.8277293546722403,True,0.05,40,paired cluster influence sandwich; asymptotic Bonferroni bounds,,,,,,
12,1.0,5.0,validation,proxy_0.75,8.0,7.998197999765249,0.8567854154263757,0.8556712351008954,0.001114180325480274,0.0008212505041667428,0.008606869932130688,1136,0.003602658287334229,0.8295914871579924,True,0.05,40,paired cluster influence sandwich; asymptotic Bonferroni bounds,,,,,,
12,1.0,1.0,test,source,2.0,,0.8474224309573203,0.8184286252165489,0.028993805740771372,0.00471663669845771,0.009682636079148545,1126,0.04328601000036643,0.789088605736192,True,0.05,40,paired cluster influence sandwich; asymptotic Bonferroni bounds,0.028855089378185816,0.00013871636258555586,0.7438194969962134,0.0,0.0,0.0
12,1.0,1.0,test,source,8.0,,0.8474224309573203,0.8186716395961163,0.028750791361203953,0.004658453551668682,0.009674523613095126,1126,0.04286669087834413,0.7893562022553849,True,0.05,40,paired cluster influence sandwich; asymptotic Bonferroni bounds,0.028855089378185816,-0.00010429801698186303,0.7441921806929268,0.0,0.0,0.0
12,1.0,1.0,test,state_NV,2.0,,0.82002106399975,0.8103492518263647,0.009671812173385308,0.004952013246673374,0.010089117862621268,1232,0.024674330365971706,0.7797834664091297,True,0.05,40,paired cluster influence sandwich; asymptotic Bonferroni bounds,0.008661007948089772,0.0010108042252955363,0.6797275555801637,-0.019321993567386064,-0.020194081430096045,0.0008720878627099804
12,1.0,1.0,test,state_NV,8.0,,0.82002106399975,0.8111570026642388,0.008864061335511209,0.0049729309819526715,0.010084434875766195,1232,0.023929951471677556,0.780605404728335,True,0.05,40,paired cluster influence sandwich; asymptotic Bonferroni bounds,0.008661007948089772,0.00020305338742143686,0.6821402373997532,-0.019886730025692745,-0.020194081430096045,0.0003073514044032999
12,1.0,1.0,test,state_AZ,2.0,,0.8327267637178051,0.8085139710979576,0.024212792619847434,0.004739275300712784,0.01047808305140388,1204,0.03857149372237903,0.7767682603898284,True,0.05,40,paired cluster influence sandwich; asymptotic Bonferroni bounds,0.022992987788620356,0.0012198048312270782,0.6696228620515579,-0.004781013120923938,-0.0058621015895654605,0.0010810884686415223
12,1.0,1.0,test,state_AZ,8.0,,0.8327267637178051,0.809487148722871,0.0232396149949341,0.004691895814225992,0.01045130211308386,1204,0.03745476928034938,0.7778225768944612,True,0.05,40,paired cluster influence sandwich; asymptotic Bonferroni bounds,0.022992987788620356,0.00024662720631374313,0.6721516133794979,-0.005511176366269854,-0.0058621015895654605,0.00035092522329560616
12,1.0,5.0,test,source,2.0,,0.8474224309573203,0.8428677365557249,0.004554694401595394,0.002529553827065563,0.008946412374188872,1126,0.012219668893670018,0.8157585990034758,True,0.05,40,paired cluster influence sandwich; asymptotic Bonferroni bounds,3.33753654343516e-05,0.004521319036161042,0.7693531386458732,0.0,0.0,0.0
12,1.0,5.0,test,source,8.0,,0.8474224309573203,0.8477749582547186,-0.00035252729739831956,0.0008631697402030747,0.00884655883869864,1126,0.002263022516247043,0.8209683937468881,True,0.05,40,paired cluster influence sandwich; asymptotic Bonferroni bounds,3.33753654343516e-05,-0.00038590266283267116,0.778560544964959,0.0,0.0,0.0
12,1.0,5.0,test,state_NV,2.0,,0.82002106399975,0.8109316357177603,0.009089428281989775,0.003058063109113922,0.009829845091027824,1232,0.01835407381971707,0.7811513377939777,True,0.05,40,paired cluster influence sandwich; asymptotic Bonferroni bounds,-0.00019747499765709886,0.009286903279646874,0.662744494909362,0.0045347338803943815,-0.00023085036309145046,0.004765584243485832
12,1.0,5.0,test,state_NV,8.0,,0.82002106399975,0.8194777288367049,0.0005433351630451666,0.0010398110985410868,0.009691308650863196,1232,0.0036935256301638495,0.7901171380825875,True,0.05,40,paired cluster influence sandwich; asymptotic Bonferroni bounds,-0.00019747499765709886,0.0007408101607022655,0.6851484063842413,0.0008958624604434862,-0.00023085036309145046,0.0011267128235349366
12,1.0,5.0,test,state_AZ,2.0,,0.8327267637178051,0.8233915906788248,0.009335173038980238,0.0031390282850578496,0.010044337476234469,1204,0.018845565670266955,0.7929600098055811,True,0.05,40,paired cluster influence sandwich; asymptotic Bonferroni bounds,-0.0001177589363481335,0.009452931975328371,0.6875846869365696,0.004780478637384844,-0.0001511343017824851,0.004931612939167329
12,1.0,5.0,test,state_AZ,8.0,,0.8327267637178051,0.8321257487690857,0.0006010149487193361,0.0010160920845707262,0.009843359234831497,1204,0.0036794945915467996,0.8023030767085425,True,0.05,40,paired cluster influence sandwich; asymptotic Bonferroni bounds,-0.0001177589363481335,0.0007187738850674696,0.704178533518702,0.0009535422461176557,-0.0001511343017824851,0.0011046765479001408
13,1.0,1.0,validation,source,2.0,1.9909995955023065,0.8574626595221454,0.8264978902953586,0.030964769226786815,0.004773979419825429,0.00968810739065449,1131,0.045430587085630074,0.7971415850863081,True,0.05,40,paired cluster influence sandwich; asymptotic Bonferroni bounds,,,,,,
13,1.0,1.0,validation,state_OR,2.0,1.9909995955023065,0.8098445635138545,0.7884640587649779,0.02138050474887654,0.005791518405882032,0.01043953496291378,1201,0.03892730575359661,0.7568349712375996,True,0.05,40,paired cluster influence sandwich; asymptotic Bonferroni bounds,,,,,,
13,1.0,1.0,validation,state_WA,2.0,1.9909995955023065,0.8225933256447828,0.7976799747929751,0.02491335085180768,0.005561199800062016,0.009908835839542576,1217,0.041761876943467155,0.7676596041566528,True,0.05,40,paired cluster influence sandwich; asymptotic Bonferroni bounds,,,,,,
13,1.0,1.0,validation,proxy_0.5,2.0,1.9909995955023065,0.857103362584453,0.8249323082498511,0.03217105433460188,0.00473289660635978,0.009755771942842316,1131,0.04651238558710266,0.7953709700900123,True,0.05,40,paired cluster influence sandwich; asymptotic Bonferroni bounds,,,,,,
13,1.0,1.0,validation,proxy_0.75,2.0,1.9909995955023065,0.8567057544459113,0.8257068157697186,0.030998938676192744,0.00474378256585186,0.009703409701394685,1131,0.04537325589142667,0.7963041424428945,True,0.05,40,paired cluster influence sandwich; asymptotic Bonferroni bounds,,,,,,
13,1.0,1.0,validation,source,8.0,7.998197999765249,0.8574626595221454,0.8275022650203205,0.02996039450182486,0.004729564098054851,0.009667815745778163,1131,0.044291627793292966,0.7982074463014753,True,0.05,40,paired cluster influence sandwich; asymptotic Bonferroni bounds,,,,,,
13,1.0,1.0,validation,state_OR,8.0,7.998197999765249,0.8098445635138545,0.7902468505996614,0.0195977129141931,0.005684612311818764,0.010402657541674316,1201,0.03682061613818353,0.758729492108903,True,0.05,40,paired cluster influence sandwich; asymptotic Bonferroni bounds,,,,,,
13,1.0,1.0,validation,state_WA,8.0,7.998197999765249,0.8225933256447828,0.7994726103036774,0.02312071534110538,0.005505307763292141,0.009861815618170955,1217,0.03979990775052192,0.7695946947948631,True,0.05,40,paired cluster influence sandwich; asymptotic Bonferroni bounds,,,,,,
13,1.0,1.0,validation,proxy_0.5,8.0,7.998197999765249,0.857103362584453,0.8255877404157284,0.03151562216872461,0.004700001335368313,0.00973442698770968,1131,0.04575727620087465,0.7960910804218388,True,0.05,40,paired cluster influence sandwich; asymptotic Bonferroni bounds,,,,,,
13,1.0,1.0,validation,proxy_0.75,8.0,7.998197999765249,0.8567057544459113,0.8264109135150528,0.030294840930858546,0.004709074931213131,0.009689810026259262,1131,0.044563989213249965,0.7970494490846541,True,0.05,40,paired cluster influence sandwich; asymptotic Bonferroni bounds,,,,,,
13,1.0,5.0,validation,source,2.0,1.9909995955023065,0.8574626595221454,0.8458595428541845,0.011603116667960878,0.002996163055545323,0.009081601985497985,1131,0.020681905080186337,0.8183410328993328,True,0.05,40,paired cluster influence sandwich; asymptotic Bonferroni bounds,,,,,,
13,1.0,5.0,validation,state_OR,2.0,1.9909995955023065,0.8098445635138545,0.7976368801792757,0.012207683334578778,0.003792159939621141,0.0101713453416411,1201,0.023696945938151484,0.7668203377542704,True,0.05,40,paired cluster influence sandwich; asymptotic Bonferroni bounds,,,,,,
13,1.0,5.0,validation,state_WA,2.0,1.9909995955023065,0.8225933256447828,0.8135944585333224,0.008998867111460473,0.003760350078758598,0.009347796787793333,1217,0.02039143682546922,0.7852738436047039,True,0.05,40,paired cluster influence sandwich; asymptotic Bonferroni bounds,,,,,,
13,1.0,5.0,validation,proxy_0.5,2.0,1.9909995955023065,0.857103362584453,0.8474530817219331,0.009650280862519844,0.002762857511381734,0.009145436246126582,1131,0.018022121210974178,0.8197411451294272,True,0.05,40,paired cluster influence sandwich; asymptotic Bonferroni bounds,,,,,,
13,1.0,5.0,validation,proxy_0.75,2.0,1.9909995955023065,0.8567057544459113,0.8464466361212497,0.010259118324661642,0.0029067797295411132,0.00908918073508214,1131,0.019067062897840603,0.818905161507056,True,0.05,40,paired cluster influence sandwich; asymptotic Bonferroni bounds,,,,,,
13,1.0,5.0,validation,source,8.0,7.998197999765249,0.8574626595221454,0.8555419222903885,0.0019207372317568971,0.0010847453473861832,0.008823059594625073,1131,0.005207665649033147,0.8288068315349632,True,0.05,40,paired cluster influence sandwich; asymptotic Bonferroni bounds,,,,,,
13,1.0,5.0,validation,state_OR,8.0,7.998197999765249,0.8098445635138545,0.8070696469400641,0.0027749165737903647,0.0013513301409374585,0.009960607790126128,1201,0.006869096961895116,0.7768915847237895,True,0.05,40,paired cluster influence sandwich; asymptotic Bonferroni bounds,,,,,,
13,1.0,5.0,validation,state_WA,8.0,7.998197999765249,0.8225933256447828,0.8180831852216678,0.004510140423115039,0.0013587218674371213,0.009317533233117774,1217,0.008626601197383092,0.7898542584734617,True,0.05,40,paired cluster influence sandwich; asymptotic Bonferroni bounds,,,,,,
13,1.0,5.0,validation,proxy_0.5,8.0,7.998197999765249,0.857103362584453,0.8554880795216276,0.0016152830628253234,0.0009864726354056237,0.008866525324904015,1131,0.004604431572190424,0.8286212815923704,True,0.05,40,paired cluster influence sandwich; asymptotic Bonferroni bounds,,,,,,
13,1.0,5.0,validation,proxy_0.75,8.0,7.998197999765249,0.8567057544459113,0.8552530351272295,0.0014527193186818499,0.0010533988884755623,0.008832708896286841,1131,0.0046446636304050565,0.8284887056533202,True,0.05,40,paired cluster influence sandwich; asymptotic Bonferroni bounds,,,,,,
13,1.0,1.0,test,source,2.0,,0.8558385674660243,0.8209368380512228,0.03490172941480152,0.004732270184790528,0.009542913152097177,1178,0.049239875582426346,0.7920230866598754,True,0.05,40,paired cluster influence sandwich; asymptotic Bonferroni bounds,0.033363754809051405,0.0015379746057501142,0.7425914450319095,0.0,0.0,0.0
13,1.0,1.0,test,source,8.0,,0.8558385674660243,0.822091215261133,0.03374735220489122,0.004656035927325654,0.009524175814740011,1178,0.047854518761498745,0.7932342354976363,True,0.05,40,paired cluster influence sandwich; asymptotic Bonferroni bounds,0.033363754809051405,0.00038359739583981867,0.7458700884927361,0.0,0.0,0.0
13,1.0,1.0,test,state_NV,2.0,,0.813754669686873,0.7941584467008197,0.019596222986053347,0.005124190202068795,0.01044992822912523,1218,0.03512073339108722,0.7624988062254496,True,0.05,40,paired cluster influence sandwich; asymptotic Bonferroni bounds,0.016156787343227896,0.0034394356428254502,0.6539641270537626,-0.015305506428748172,-0.01720696746582351,0.001901461037075336
13,1.0,1.0,test,state_NV,8.0,,0.813754669686873,0.7965223727935592,0.017232296893313848,0.0049995065836710715,0.010386284540548922,1218,0.0323790593899326,0.7650555505131732,True,0.05,40,paired cluster influence sandwich; asymptotic Bonferroni bounds,0.016156787343227896,0.0010755095500859513,0.6587788397933251,-0.016515055311577376,-0.01720696746582351,0.0006919121542461326
13,1.0,1.0,test,state_AZ,2.0,,0.8491885991695163,0.8275023553632493,0.021686243806266936,0.004803223848106189,0.009181380377244119,1220,0.036238288201541236,0.7996860679936245,True,0.05,40,paired cluster influence sandwich; asymptotic Bonferroni bounds,0.01946664107753493,0.0022196027287320064,0.7089135900956205,-0.013215485608534583,-0.013897113731516475,0.0006816281229818921
13,1.0,1.0,test,state_AZ,8.0,,0.8491885991695163,0.8291467478540022,0.02004185131551406,0.004727520659762111,0.009149670262241614,1220,0.034364542219782274,0.8014265307521576,True,0.05,40,paired cluster influence sandwich; asymptotic Bonferroni bounds,0.01946664107753493,0.0005752102379791291,0.7131668684543095,-0.013705500889377165,-0.013897113731516475,0.0001916128421393104
13,1.0,5.0,test,source,2.0,,0.8558385674660243,0.8428915151738635,0.012947052292160754,0.0032664929755982603,0.008864067287507124,1178,0.022844089424608582,0.8160345760209768,True,0.05,40,paired cluster influence sandwich; asymptotic Bonferroni bounds,1.024292111795333e-06,0.01294602800004896,0.7710281025934569,0.0,0.0,0.0
13,1.0,5.0,test,source,8.0,,0.8558385674660243,0.8534294324192551,0.0024091350467692063,0.001115576086963127,0.008603075688594343,1178,0.0057891814877761,0.8273632629282024,True,0.05,40,paired cluster influence sandwich; asymptotic Bonferroni bounds,1.024292111795333e-06,0.002408110754657411,0.7817847639896612,0.0,0.0,0.0
13,1.0,5.0,test,state_NV,2.0,,0.813754669686873,0.7967638137129661,0.016990855973906926,0.004049795410711358,0.01064805254798883,1218,0.029260324614330133,0.7645039256026729,True,0.05,40,paired cluster influence sandwich; asymptotic Bonferroni bounds,-7.846829880731043e-05,0.017069324272714237,0.6628367585242021,0.004043803681746172,-7.949259091910577e-05,0.004123296272665278
13,1.0,5.0,test,state_NV,8.0,,0.813754669686873,0.8100606236199458,0.003694046066927248,0.0014065381969270063,0.010283400894845496,1218,0.007955366590208193,0.7789055029285417,True,0.05,40,paired cluster influence sandwich; asymptotic Bonferroni bounds,-7.846829880731043e-05,0.0037725143657345583,0.6790507277172269,0.0012849110201580416,-7.949259091910577e-05,0.0013644036110771474
13,1.0,5.0,test,state_AZ,2.0,,0.8491885991695163,0.8334191150813036,0.01576948408821266,0.0036269288311666023,0.009136460376012954,1220,0.026757776751367736,0.8057389191937382,True,0.05,40,paired cluster influence sandwich; asymptotic Bonferroni bounds,-7.142420964489915e-05,0.01584090829785756,0.7024999414990376,0.002822431796051905,-7.244850175669448e-05,0.0028948802978085997
13,1.0,5.0,test,state_AZ,8.0,,0.8491885991695163,0.8454685428152697,0.003720056354246548,0.0012258791100025494,0.008846914201059245,1220,0.007434030092745121,0.8186655679204485,True,0.05,40,paired cluster influence sandwich; asymptotic Bonferroni bounds,-7.142420964489915e-05,0.0037914805638914473,0.7300980718446353,0.0013109213074773418,-7.244850175669448e-05,0.0013833698092340363
14,1.0,1.0,validation,source,2.0,1.9909995955023065,0.8373211711357501,0.8192005452019605,0.018120625933789603,0.004643014152576753,0.009543086533049873,1148,0.03218913224184718,0.7902846365536867,True,0.05,40,paired cluster influence sandwich; asymptotic Bonferroni bounds,,,,,,
14,1.0,1.0,validation,state_OR,2.0,1.9909995955023065,0.8468750501350305,0.8318553972031336,0.015019652931896887,0.004645853101713705,0.009005062895731511,1188,0.02909571100491541,0.804571756180402,True,0.05,40,paired cluster influence sandwich; asymptotic Bonferroni bounds,,,,,,
14,1.0,1.0,validation,state_WA,2.0,1.9909995955023065,0.8237998008774343,0.7948653089637532,0.028934491913681137,0.005161762005592102,0.010107473672406993,1200,0.04457332171076184,0.7642422271033342,True,0.05,40,paired cluster influence sandwich; asymptotic Bonferroni bounds,,,,,,
14,1.0,1.0,validation,proxy_0.5,2.0,1.9909995955023065,0.8376404288223114,0.818638567796388,0.019001861025923383,0.004614301159278823,0.009558826301968314,1148,0.03298336589180122,0.7896749670603799,True,0.05,40,paired cluster influence sandwich; asymptotic Bonferroni bounds,,,,,,
14,1.0,1.0,validation,proxy_0.75,2.0,1.9909995955023065,0.8382600718198737,0.8195737988519306,0.01868627296794312,0.004655505063675854,0.009541673052739043,1148,0.03279262720319118,0.790662173101795,True,0.05,40,paired cluster influence sandwich; asymptotic Bonferroni bounds,,,,,,
14,1.0,1.0,validation,source,8.0,7.998197999765249,0.8373211711357501,0.819863175277188,0.017457995858562114,0.004591480073691644,0.009522798158034904,1148,0.03137035198269817,0.7910087411630204,True,0.05,40,paired cluster influence sandwich; asymptotic Bonferroni bounds,,,,,,
14,1.0,1.0,validation,state_OR,8.0,7.998197999765249,0.8468750501350305,0.832331345757908,0.01454370437712249,0.004736310028310049,0.008971493843438476,1188,0.02889382986553287,0.8051494126280409,True,0.05,40,paired cluster influence sandwich; asymptotic Bonferroni bounds,,,,,,
14,1.0,1.0,validation,state_WA,8.0,7.998197999765249,0.8237998008774343,0.7942258503181105,0.02957395055932377,0.005146538135874594,0.010129077891494984,1200,0.04516665589210195,0.7635373131529236,True,0.05,40,paired cluster influence sandwich; asymptotic Bonferroni bounds,,,,,,
14,1.0,1.0,validation,proxy_0.5,8.0,7.998197999765249,0.8376404288223114,0.8191397342140442,0.0185006946082672,0.004563718529625259,0.0095460134727095,1148,0.0323289322169336,0.7902149568292748,True,0.05,40,paired cluster influence sandwich; asymptotic Bonferroni bounds,,,,,,
14,1.0,1.0,validation,proxy_0.75,8.0,7.998197999765249,0.8382600718198737,0.8201336793268854,0.018126392492988308,0.00460460550320631,0.009527438547777425,1148,0.032078519158814524,0.7912651846584704,True,0.05,40,paired cluster influence sandwich; asymptotic Bonferroni bounds,,,,,,
14,1.0,5.0,validation,source,2.0,1.9909995955023065,0.8373211711357501,0.8290781368771463,0.008243034258603843,0.00265637876531272,0.00940905797375871,1148,0.01629196113849546,0.8005683397697562,True,0.05,40,paired cluster influence sandwich; asymptotic Bonferroni bounds,,,,,,
14,1.0,5.0,validation,state_OR,2.0,1.9909995955023065,0.8468750501350305,0.8434717505815663,0.0034032995534641897,0.0027674271235395916,0.008880618327663561,1188,0.011788081433334832,0.8165651531133005,True,0.05,40,paired cluster influence sandwich; asymptotic Bonferroni bounds,,,,,,
14,1.0,5.0,validation,state_WA,2.0,1.9909995955023065,0.8237998008774343,0.8112170355020965,0.012582765375337868,0.0035920132759506645,0.009500276209823657,1200,0.02346565462722288,0.7824336079613212,True,0.05,40,paired cluster influence sandwich; asymptotic Bonferroni bounds,,,,,,
14,1.0,5.0,validation,proxy_0.5,2.0,1.9909995955023065,0.8376404288223114,0.829451390527116,0.00818903829519535,0.002606732871680901,0.009387162882041127,1148,0.01608753626301036,0.8010079363654552,True,0.05,40,paired cluster influence sandwich; asymptotic Bonferroni bounds,,,,,,
14,1.0,5.0,validation,proxy_0.75,2.0,1.9909995955023065,0.8382600718198737,0.8300049802102174,0.008255091609656318,0.002689478266099298,0.009379049498224434,1148,0.016404311213263,0.801586109904572,True,0.05,40,paired cluster influence sandwich; asymptotic Bonferroni bounds,,,,,,
14,1.0,5.0,validation,source,8.0,7.998197999765249,0.8373211711357501,0.8356142696128542,0.0017069015228958762,0.0008835065275580187,0.00930400382467151,1148,0.004383959302110682,0.8074227905011784,True,0.05,40,paired cluster influence sandwich; asymptotic Bonferroni bounds,,,,,,
14,1.0,5.0,validation,state_OR,8.0,7.998197999765249,0.8468750501350305,0.8460985587849944,0.0007764913500361015,0.0009446155932985207,0.008836484034433177,1188,0.0036384983177217963,0.819325679895625,True,0.05,40,paired cluster influence sandwich; asymptotic Bonferroni bounds,,,,,,
14,1.0,5.0,validation,state_WA,8.0,7.998197999765249,0.8237998008774343,0.8231208819672661,0.0006789189101682469,0.0011563334530264142,0.009205756172853762,1200,0.004182316013901304,0.7952297754449749,True,0.05,40,paired cluster influence sandwich; asymptotic Bonferroni bounds,,,,,,
14,1.0,5.0,validation,proxy_0.5,8.0,7.998197999765249,0.8376404288223114,0.8360263164792535,0.0016141123430578608,0.0008377989596344325,0.009292767159164618,1148,0.004152674484196251,0.8078688848837752,True,0.05,40,paired cluster influence sandwich; asymptotic Bonferroni bounds,,,,,,
14,1.0,5.0,validation,proxy_0.75,8.0,7.998197999765249,0.8382600718198737,0.8367015281381877,0.0015585436816860643,0.000865230022051539,0.009273955238904064,1148,0.004180222966552654,0.8086010973637612,True,0.05,40,paired cluster influence sandwich; asymptotic Bonferroni bounds,,,,,,
14,1.0,1.0,test,source,2.0,,0.8595045868322264,0.8299296640751246,0.02957492275710183,0.004704875192924048,0.009306839770428883,1122,0.0438316025255246,0.8017281435624065,True,0.05,40,paired cluster influence sandwich; asymptotic Bonferroni bounds,0.030229813838647646,-0.0006548910815458164,0.7582998493109494,0.0,0.0,0.0
14,1.0,1.0,test,source,8.0,,0.8595045868322264,0.8296484034046034,0.029856183427622973,0.0046613134790234965,0.00930753156058189,1122,0.043980862796507446,0.801444786634222,True,0.05,40,paired cluster influence sandwich; asymptotic Bonferroni bounds,0.030229813838647646,-0.0003736304110246724,0.7573412045401456,0.0,0.0,0.0
14,1.0,1.0,test,state_NV,2.0,,0.8218289507113821,0.8077374147067363,0.014091536004645744,0.004970141900217701,0.010315194793444634,1203,0.02914972587391984,0.7764851557457934,True,0.05,40,paired cluster influence sandwich; asymptotic Bonferroni bounds,0.014860536440185812,-0.0007690004355400681,0.6697276544655414,-0.015483386752456085,-0.015369277398461834,-0.0001141093539942517
14,1.0,1.0,test,state_NV,8.0,,0.8218289507113821,0.8072678480691056,0.014561102642276502,0.004953156825656959,0.010289570967073289,1203,0.029567832315279697,0.776093222393172,True,0.05,40,paired cluster influence sandwich; asymptotic Bonferroni bounds,0.014860536440185812,-0.0002994337979093098,0.6697608734316788,-0.015295080785346471,-0.015369277398461834,7.419661311536263e-05
14,1.0,1.0,test,state_AZ,2.0,,0.8387408837408838,0.8063202488202489,0.03242063492063496,0.0050568018105828835,0.009545320777676461,1207,0.04774127358907915,0.7774007032088069,True,0.05,40,paired cluster influence sandwich; asymptotic Bonferroni bounds,0.031674174174174174,0.0007464607464607864,0.6947006297364179,0.0028457121635331317,0.0014443603355265289,0.0014013518280066029
14,1.0,1.0,test,state_AZ,8.0,,0.8387408837408838,0.806958386958387,0.031782496782496894,0.005057089633583489,0.009506465272037799,1207,0.047104007470916934,0.7781565622275467,True,0.05,40,paired cluster influence sandwich; asymptotic Bonferroni bounds,0.031674174174174174,0.00010832260832271956,0.6930980217130496,0.0019263133548739209,0.0014443603355265289,0.000481953019347392
14,1.0,5.0,test,source,2.0,,0.8595045868322264,0.8524180633697935,0.007086523462432881,0.0027640677342618985,0.008641931722674325,1122,0.015462182099428724,0.8262313425538964,True,0.05,40,paired cluster influence sandwich; asymptotic Bonferroni bounds,9.029401599747189e-05,0.006996229446435409,0.7871148445140563,0.0,0.0,0.0
14,1.0,5.0,test,source,8.0,,0.8595045868322264,0.8592638027895662,0.0002407840426602581,0.00086412717425575,0.008366212204609449,1122,0.0028592561375384547,0.8339125653209992,True,0.05,40,paired cluster influence sandwich; asymptotic Bonferroni bounds,9.029401599747189e-05,0.00015049002666278621,0.7934249185362325,0.0,0.0,0.0
14,1.0,5.0,test,state_NV,2.0,,0.8218289507113821,0.8118183344221834,0.010010616289198637,0.0032061281802010008,0.01010395219483347,1203,0.019724320213946184,0.7812060835781569,True,0.05,40,paired cluster influence sandwich; asymptotic Bonferroni bounds,-0.00010207970383280252,0.01011269599303144,0.6677362088246912,0.002924092826765756,-0.0001923737198302744,0.0031164665465960306
14,1.0,5.0,test,state_NV,8.0,,0.8218289507113821,0.8213729947009292,0.0004559560104528959,0.001112207623436135,0.009832706171723535,1203,0.0038256452273788435,0.7915825461714595,True,0.05,40,paired cluster influence sandwich; asymptotic Bonferroni bounds,-0.00010207970383280252,0.0005580357142856984,0.6837097873397072,0.0002151719677926378,-0.0001923737198302744,0.0004075456876229122
14,1.0,5.0,test,state_AZ,2.0,,0.8387408837408838,0.8163341913341913,0.022406692406692574,0.0034847523512197428,0.009519921917586794,1207,0.03296447845840557,0.7874915968813274,True,0.05,40,paired cluster influence sandwich; asymptotic Bonferroni bounds,3.2175032176340324e-06,0.02240347490347494,0.7143136751492601,0.015320168944259693,-8.707651277983786e-05,0.015407245457039531
14,1.0,5.0,test,state_AZ,8.0,,0.8387408837408838,0.8347565422565423,0.003984341484341569,0.0011168639771952152,0.009013555519521751,1207,0.007368114485015494,0.8074480907084608,True,0.05,40,paired cluster influence sandwich; asymptotic Bonferroni bounds,3.2175032176340324e-06,0.003981123981123935,0.7297958169743312,0.003743557441681311,-8.707651277983786e-05,0.003830633954461149
