policy,uncertainty_bounds,safety_margin,n_cases,coverage,successful_yield,failed_yield,conditional_failure,selected_worst_auc,bound_rule,representation
auto_s_shift,True,0.0,20,0.0,0.0,0.0,,,concentration,hashed
auto_s_shift,True,0.01,20,0.0,0.0,0.0,,,concentration,hashed
auto_s_source,True,0.0,20,0.0,0.0,0.0,,,concentration,hashed
auto_s_source,True,0.01,20,0.0,0.0,0.0,,,concentration,hashed
combined_shift,True,0.0,20,0.0,0.0,0.0,,,concentration,hashed
combined_shift,True,0.01,20,0.0,0.0,0.0,,,concentration,hashed
combined_source,True,0.0,20,0.0,0.0,0.0,,,concentration,hashed
combined_source,True,0.01,20,0.0,0.0,0.0,,,concentration,hashed
standard_c1_shift,True,0.0,20,0.0,0.0,0.0,,,concentration,hashed
standard_c1_shift,True,0.01,20,0.0,0.0,0.0,,,concentration,hashed
standard_c1_source,True,0.0,20,0.0,0.0,0.0,,,concentration,hashed
standard_c1_source,True,0.01,20,0.0,0.0,0.0,,,concentration,hashed
standard_c5_shift,True,0.0,20,0.0,0.0,0.0,,,concentration,hashed
standard_c5_shift,True,0.01,20,0.0,0.0,0.0,,,concentration,hashed
standard_c5_source,True,0.0,20,0.0,0.0,0.0,,,concentration,hashed
standard_c5_source,True,0.01,20,0.0,0.0,0.0,,,concentration,hashed
standard_joint_shift,True,0.0,20,0.0,0.0,0.0,,,concentration,hashed
standard_joint_shift,True,0.01,20,0.0,0.0,0.0,,,concentration,hashed
standard_joint_source,True,0.0,20,0.0,0.0,0.0,,,concentration,hashed
standard_joint_source,True,0.01,20,0.0,0.0,0.0,,,concentration,hashed
auto_s_shift,False,0.0,20,0.0,0.0,0.0,,,point,hashed
auto_s_shift,False,0.01,20,0.0,0.0,0.0,,,point,hashed
auto_s_source,False,0.0,20,0.0,0.0,0.0,,,point,hashed
auto_s_source,False,0.01,20,0.0,0.0,0.0,,,point,hashed
combined_shift,False,0.0,20,1.0,1.0,0.0,0.0,0.8249518601246837,point,hashed
combined_shift,False,0.01,20,1.0,1.0,0.0,0.0,0.8274403799783135,point,hashed
combined_source,False,0.0,20,1.0,1.0,0.0,0.0,0.8249518601246837,point,hashed
combined_source,False,0.01,20,1.0,1.0,0.0,0.0,0.8249518601246837,point,hashed
standard_c1_shift,False,0.0,20,0.4,0.35,0.05,0.125,0.8163029720042249,point,hashed
standard_c1_shift,False,0.01,20,0.0,0.0,0.0,,,point,hashed
standard_c1_source,False,0.0,20,0.5,0.4,0.1,0.2,0.8144717365974176,point,hashed
standard_c1_source,False,0.01,20,0.0,0.0,0.0,,,point,hashed
standard_c5_shift,False,0.0,20,1.0,1.0,0.0,0.0,0.8249518601246837,point,hashed
standard_c5_shift,False,0.01,20,1.0,1.0,0.0,0.0,0.8274403799783135,point,hashed
standard_c5_source,False,0.0,20,1.0,1.0,0.0,0.0,0.8249518601246837,point,hashed
standard_c5_source,False,0.01,20,1.0,1.0,0.0,0.0,0.8249518601246837,point,hashed
standard_joint_shift,False,0.0,20,1.0,1.0,0.0,0.0,0.8249518601246837,point,hashed
standard_joint_shift,False,0.01,20,1.0,1.0,0.0,0.0,0.8274403799783135,point,hashed
standard_joint_source,False,0.0,20,1.0,1.0,0.0,0.0,0.8249518601246837,point,hashed
standard_joint_source,False,0.01,20,1.0,1.0,0.0,0.0,0.8249518601246837,point,hashed
auto_s_shift,True,0.0,20,0.0,0.0,0.0,,,sandwich,hashed
auto_s_shift,True,0.01,20,0.0,0.0,0.0,,,sandwich,hashed
auto_s_source,True,0.0,20,0.0,0.0,0.0,,,sandwich,hashed
auto_s_source,True,0.01,20,0.0,0.0,0.0,,,sandwich,hashed
combined_shift,True,0.0,20,1.0,1.0,0.0,0.0,0.8274403799783135,sandwich,hashed
combined_shift,True,0.01,20,1.0,1.0,0.0,0.0,0.8326742458437991,sandwich,hashed
combined_source,True,0.0,20,1.0,1.0,0.0,0.0,0.8249518601246837,sandwich,hashed
combined_source,True,0.01,20,1.0,1.0,0.0,0.0,0.8285509641159996,sandwich,hashed
standard_c1_shift,True,0.0,20,0.0,0.0,0.0,,,sandwich,hashed
standard_c1_shift,True,0.01,20,0.0,0.0,0.0,,,sandwich,hashed
standard_c1_source,True,0.0,20,0.0,0.0,0.0,,,sandwich,hashed
standard_c1_source,True,0.01,20,0.0,0.0,0.0,,,sandwich,hashed
standard_c5_shift,True,0.0,20,1.0,1.0,0.0,0.0,0.8274403799783135,sandwich,hashed
standard_c5_shift,True,0.01,20,1.0,1.0,0.0,0.0,0.8326742458437991,sandwich,hashed
standard_c5_source,True,0.0,20,1.0,1.0,0.0,0.0,0.8249518601246837,sandwich,hashed
standard_c5_source,True,0.01,20,1.0,1.0,0.0,0.0,0.8285509641159996,sandwich,hashed
standard_joint_shift,True,0.0,20,1.0,1.0,0.0,0.0,0.8274403799783135,sandwich,hashed
standard_joint_shift,True,0.01,20,1.0,1.0,0.0,0.0,0.8326742458437991,sandwich,hashed
standard_joint_source,True,0.0,20,1.0,1.0,0.0,0.0,0.8249518601246837,sandwich,hashed
standard_joint_source,True,0.01,20,1.0,1.0,0.0,0.0,0.8285509641159996,sandwich,hashed
auto_s_shift,True,0.0,20,0.0,0.0,0.0,,,concentration,digits
auto_s_shift,True,0.01,20,0.0,0.0,0.0,,,concentration,digits
auto_s_source,True,0.0,20,0.0,0.0,0.0,,,concentration,digits
auto_s_source,True,0.01,20,0.0,0.0,0.0,,,concentration,digits
combined_shift,True,0.0,20,0.0,0.0,0.0,,,concentration,digits
combined_shift,True,0.01,20,0.0,0.0,0.0,,,concentration,digits
combined_source,True,0.0,20,0.0,0.0,0.0,,,concentration,digits
combined_source,True,0.01,20,0.0,0.0,0.0,,,concentration,digits
standard_c1_shift,True,0.0,20,0.0,0.0,0.0,,,concentration,digits
standard_c1_shift,True,0.01,20,0.0,0.0,0.0,,,concentration,digits
standard_c1_source,True,0.0,20,0.0,0.0,0.0,,,concentration,digits
standard_c1_source,True,0.01,20,0.0,0.0,0.0,,,concentration,digits
standard_c5_shift,True,0.0,20,0.0,0.0,0.0,,,concentration,digits
standard_c5_shift,True,0.01,20,0.0,0.0,0.0,,,concentration,digits
standard_c5_source,True,0.0,20,0.0,0.0,0.0,,,concentration,digits
standard_c5_source,True,0.01,20,0.0,0.0,0.0,,,concentration,digits
standard_joint_shift,True,0.0,20,0.0,0.0,0.0,,,concentration,digits
standard_joint_shift,True,0.01,20,0.0,0.0,0.0,,,concentration,digits
standard_joint_source,True,0.0,20,0.0,0.0,0.0,,,concentration,digits
standard_joint_source,True,0.01,20,0.0,0.0,0.0,,,concentration,digits
auto_s_shift,False,0.0,20,0.1,0.1,0.0,0.0,0.8236393690165207,point,digits
auto_s_shift,False,0.01,20,0.0,0.0,0.0,,,point,digits
auto_s_source,False,0.0,20,0.5,0.25,0.25,0.5,0.8207456480465254,point,digits
auto_s_source,False,0.01,20,0.0,0.0,0.0,,,point,digits
combined_shift,False,0.0,20,1.0,1.0,0.0,0.0,0.8335976700613547,point,digits
combined_shift,False,0.01,20,1.0,1.0,0.0,0.0,0.8394169246040383,point,digits
combined_source,False,0.0,20,1.0,0.95,0.05,0.05,0.8325400271881005,point,digits
combined_source,False,0.01,20,1.0,0.95,0.05,0.05,0.8333591592755255,point,digits
standard_c1_shift,False,0.0,20,0.8,0.7,0.1,0.125,0.8241508197013185,point,digits
standard_c1_shift,False,0.01,20,0.0,0.0,0.0,,,point,digits
standard_c1_source,False,0.0,20,1.0,0.9,0.1,0.1,0.8239544168110322,point,digits
standard_c1_source,False,0.01,20,0.05,0.05,0.0,0.0,0.8268150166888636,point,digits
standard_c5_shift,False,0.0,20,1.0,1.0,0.0,0.0,0.8338650777794754,point,digits
standard_c5_shift,False,0.01,20,1.0,1.0,0.0,0.0,0.8394169246040383,point,digits
standard_c5_source,False,0.0,20,1.0,0.95,0.05,0.05,0.8325400271881005,point,digits
standard_c5_source,False,0.01,20,1.0,0.95,0.05,0.05,0.8333591592755255,point,digits
standard_joint_shift,False,0.0,20,1.0,1.0,0.0,0.0,0.8335976700613547,point,digits
standard_joint_shift,False,0.01,20,1.0,1.0,0.0,0.0,0.8394169246040383,point,digits
standard_joint_source,False,0.0,20,1.0,0.95,0.05,0.05,0.8325400271881005,point,digits
standard_joint_source,False,0.01,20,1.0,0.95,0.05,0.05,0.8333591592755255,point,digits
auto_s_shift,True,0.0,20,0.0,0.0,0.0,,,sandwich,digits
auto_s_shift,True,0.01,20,0.0,0.0,0.0,,,sandwich,digits
auto_s_source,True,0.0,20,0.0,0.0,0.0,,,sandwich,digits
auto_s_source,True,0.01,20,0.0,0.0,0.0,,,sandwich,digits
combined_shift,True,0.0,20,1.0,1.0,0.0,0.0,0.8399416886580345,sandwich,digits
combined_shift,True,0.01,20,1.0,1.0,0.0,0.0,0.8457634502446197,sandwich,digits
combined_source,True,0.0,20,1.0,0.95,0.05,0.05,0.8333591592755255,sandwich,digits
combined_source,True,0.01,20,1.0,1.0,0.0,0.0,0.8396111246569484,sandwich,digits
standard_c1_shift,True,0.0,20,0.0,0.0,0.0,,,sandwich,digits
standard_c1_shift,True,0.01,20,0.0,0.0,0.0,,,sandwich,digits
standard_c1_source,True,0.0,20,0.0,0.0,0.0,,,sandwich,digits
standard_c1_source,True,0.01,20,0.0,0.0,0.0,,,sandwich,digits
standard_c5_shift,True,0.0,20,1.0,1.0,0.0,0.0,0.8399416886580345,sandwich,digits
standard_c5_shift,True,0.01,20,1.0,1.0,0.0,0.0,0.8457634502446197,sandwich,digits
standard_c5_source,True,0.0,20,1.0,0.95,0.05,0.05,0.8333591592755255,sandwich,digits
standard_c5_source,True,0.01,20,1.0,1.0,0.0,0.0,0.8396111246569484,sandwich,digits
standard_joint_shift,True,0.0,20,1.0,1.0,0.0,0.0,0.8399416886580345,sandwich,digits
standard_joint_shift,True,0.01,20,1.0,1.0,0.0,0.0,0.8457634502446197,sandwich,digits
standard_joint_source,True,0.0,20,1.0,0.95,0.05,0.05,0.8333591592755255,sandwich,digits
standard_joint_source,True,0.01,20,1.0,1.0,0.0,0.0,0.8396111246569484,sandwich,digits
