seed,strength,policy,uncertainty_bounds,safety_margin,selected,failed_any,successful,worst_auc,bound_rule
300,1.0,auto_s_shift,True,0.0,False,False,False,,concentration
300,1.0,auto_s_shift,True,0.01,False,False,False,,concentration
300,1.0,auto_s_source,True,0.0,False,False,False,,concentration
300,1.0,auto_s_source,True,0.01,False,False,False,,concentration
300,1.0,combined_shift,True,0.0,False,False,False,,concentration
300,1.0,combined_shift,True,0.01,False,False,False,,concentration
300,1.0,combined_source,True,0.0,False,False,False,,concentration
300,1.0,combined_source,True,0.01,False,False,False,,concentration
300,1.0,standard_c1_shift,True,0.0,False,False,False,,concentration
300,1.0,standard_c1_shift,True,0.01,False,False,False,,concentration
300,1.0,standard_c1_source,True,0.0,False,False,False,,concentration
300,1.0,standard_c1_source,True,0.01,False,False,False,,concentration
300,1.0,standard_c5_shift,True,0.0,False,False,False,,concentration
300,1.0,standard_c5_shift,True,0.01,False,False,False,,concentration
300,1.0,standard_c5_source,True,0.0,False,False,False,,concentration
300,1.0,standard_c5_source,True,0.01,False,False,False,,concentration
300,1.0,standard_joint_shift,True,0.0,False,False,False,,concentration
300,1.0,standard_joint_shift,True,0.01,False,False,False,,concentration
300,1.0,standard_joint_source,True,0.0,False,False,False,,concentration
300,1.0,standard_joint_source,True,0.01,False,False,False,,concentration
301,1.0,auto_s_shift,True,0.0,False,False,False,,concentration
301,1.0,auto_s_shift,True,0.01,False,False,False,,concentration
301,1.0,auto_s_source,True,0.0,False,False,False,,concentration
301,1.0,auto_s_source,True,0.01,False,False,False,,concentration
301,1.0,combined_shift,True,0.0,False,False,False,,concentration
301,1.0,combined_shift,True,0.01,False,False,False,,concentration
301,1.0,combined_source,True,0.0,False,False,False,,concentration
301,1.0,combined_source,True,0.01,False,False,False,,concentration
301,1.0,standard_c1_shift,True,0.0,False,False,False,,concentration
301,1.0,standard_c1_shift,True,0.01,False,False,False,,concentration
301,1.0,standard_c1_source,True,0.0,False,False,False,,concentration
301,1.0,standard_c1_source,True,0.01,False,False,False,,concentration
301,1.0,standard_c5_shift,True,0.0,False,False,False,,concentration
301,1.0,standard_c5_shift,True,0.01,False,False,False,,concentration
301,1.0,standard_c5_source,True,0.0,False,False,False,,concentration
301,1.0,standard_c5_source,True,0.01,False,False,False,,concentration
301,1.0,standard_joint_shift,True,0.0,False,False,False,,concentration
301,1.0,standard_joint_shift,True,0.01,False,False,False,,concentration
301,1.0,standard_joint_source,True,0.0,False,False,False,,concentration
301,1.0,standard_joint_source,True,0.01,False,False,False,,concentration
302,1.0,auto_s_shift,True,0.0,False,False,False,,concentration
302,1.0,auto_s_shift,True,0.01,False,False,False,,concentration
302,1.0,auto_s_source,True,0.0,False,False,False,,concentration
302,1.0,auto_s_source,True,0.01,False,False,False,,concentration
302,1.0,combined_shift,True,0.0,False,False,False,,concentration
302,1.0,combined_shift,True,0.01,False,False,False,,concentration
302,1.0,combined_source,True,0.0,False,False,False,,concentration
302,1.0,combined_source,True,0.01,False,False,False,,concentration
302,1.0,standard_c1_shift,True,0.0,False,False,False,,concentration
302,1.0,standard_c1_shift,True,0.01,False,False,False,,concentration
302,1.0,standard_c1_source,True,0.0,False,False,False,,concentration
302,1.0,standard_c1_source,True,0.01,False,False,False,,concentration
302,1.0,standard_c5_shift,True,0.0,False,False,False,,concentration
302,1.0,standard_c5_shift,True,0.01,False,False,False,,concentration
302,1.0,standard_c5_source,True,0.0,False,False,False,,concentration
302,1.0,standard_c5_source,True,0.01,False,False,False,,concentration
302,1.0,standard_joint_shift,True,0.0,False,False,False,,concentration
302,1.0,standard_joint_shift,True,0.01,False,False,False,,concentration
302,1.0,standard_joint_source,True,0.0,False,False,False,,concentration
302,1.0,standard_joint_source,True,0.01,False,False,False,,concentration
303,1.0,auto_s_shift,True,0.0,False,False,False,,concentration
303,1.0,auto_s_shift,True,0.01,False,False,False,,concentration
303,1.0,auto_s_source,True,0.0,False,False,False,,concentration
303,1.0,auto_s_source,True,0.01,False,False,False,,concentration
303,1.0,combined_shift,True,0.0,False,False,False,,concentration
303,1.0,combined_shift,True,0.01,False,False,False,,concentration
303,1.0,combined_source,True,0.0,False,False,False,,concentration
303,1.0,combined_source,True,0.01,False,False,False,,concentration
303,1.0,standard_c1_shift,True,0.0,False,False,False,,concentration
303,1.0,standard_c1_shift,True,0.01,False,False,False,,concentration
303,1.0,standard_c1_source,True,0.0,False,False,False,,concentration
303,1.0,standard_c1_source,True,0.01,False,False,False,,concentration
303,1.0,standard_c5_shift,True,0.0,False,False,False,,concentration
303,1.0,standard_c5_shift,True,0.01,False,False,False,,concentration
303,1.0,standard_c5_source,True,0.0,False,False,False,,concentration
303,1.0,standard_c5_source,True,0.01,False,False,False,,concentration
303,1.0,standard_joint_shift,True,0.0,False,False,False,,concentration
303,1.0,standard_joint_shift,True,0.01,False,False,False,,concentration
303,1.0,standard_joint_source,True,0.0,False,False,False,,concentration
303,1.0,standard_joint_source,True,0.01,False,False,False,,concentration
304,1.0,auto_s_shift,True,0.0,False,False,False,,concentration
304,1.0,auto_s_shift,True,0.01,False,False,False,,concentration
304,1.0,auto_s_source,True,0.0,False,False,False,,concentration
304,1.0,auto_s_source,True,0.01,False,False,False,,concentration
304,1.0,combined_shift,True,0.0,False,False,False,,concentration
304,1.0,combined_shift,True,0.01,False,False,False,,concentration
304,1.0,combined_source,True,0.0,False,False,False,,concentration
304,1.0,combined_source,True,0.01,False,False,False,,concentration
304,1.0,standard_c1_shift,True,0.0,False,False,False,,concentration
304,1.0,standard_c1_shift,True,0.01,False,False,False,,concentration
304,1.0,standard_c1_source,True,0.0,False,False,False,,concentration
304,1.0,standard_c1_source,True,0.01,False,False,False,,concentration
304,1.0,standard_c5_shift,True,0.0,False,False,False,,concentration
304,1.0,standard_c5_shift,True,0.01,False,False,False,,concentration
304,1.0,standard_c5_source,True,0.0,False,False,False,,concentration
304,1.0,standard_c5_source,True,0.01,False,False,False,,concentration
304,1.0,standard_joint_shift,True,0.0,False,False,False,,concentration
304,1.0,standard_joint_shift,True,0.01,False,False,False,,concentration
304,1.0,standard_joint_source,True,0.0,False,False,False,,concentration
304,1.0,standard_joint_source,True,0.01,False,False,False,,concentration
305,1.0,auto_s_shift,True,0.0,False,False,False,,concentration
305,1.0,auto_s_shift,True,0.01,False,False,False,,concentration
305,1.0,auto_s_source,True,0.0,False,False,False,,concentration
305,1.0,auto_s_source,True,0.01,False,False,False,,concentration
305,1.0,combined_shift,True,0.0,False,False,False,,concentration
305,1.0,combined_shift,True,0.01,False,False,False,,concentration
305,1.0,combined_source,True,0.0,False,False,False,,concentration
305,1.0,combined_source,True,0.01,False,False,False,,concentration
305,1.0,standard_c1_shift,True,0.0,False,False,False,,concentration
305,1.0,standard_c1_shift,True,0.01,False,False,False,,concentration
305,1.0,standard_c1_source,True,0.0,False,False,False,,concentration
305,1.0,standard_c1_source,True,0.01,False,False,False,,concentration
305,1.0,standard_c5_shift,True,0.0,False,False,False,,concentration
305,1.0,standard_c5_shift,True,0.01,False,False,False,,concentration
305,1.0,standard_c5_source,True,0.0,False,False,False,,concentration
305,1.0,standard_c5_source,True,0.01,False,False,False,,concentration
305,1.0,standard_joint_shift,True,0.0,False,False,False,,concentration
305,1.0,standard_joint_shift,True,0.01,False,False,False,,concentration
305,1.0,standard_joint_source,True,0.0,False,False,False,,concentration
305,1.0,standard_joint_source,True,0.01,False,False,False,,concentration
306,1.0,auto_s_shift,True,0.0,False,False,False,,concentration
306,1.0,auto_s_shift,True,0.01,False,False,False,,concentration
306,1.0,auto_s_source,True,0.0,False,False,False,,concentration
306,1.0,auto_s_source,True,0.01,False,False,False,,concentration
306,1.0,combined_shift,True,0.0,False,False,False,,concentration
306,1.0,combined_shift,True,0.01,False,False,False,,concentration
306,1.0,combined_source,True,0.0,False,False,False,,concentration
306,1.0,combined_source,True,0.01,False,False,False,,concentration
306,1.0,standard_c1_shift,True,0.0,False,False,False,,concentration
306,1.0,standard_c1_shift,True,0.01,False,False,False,,concentration
306,1.0,standard_c1_source,True,0.0,False,False,False,,concentration
306,1.0,standard_c1_source,True,0.01,False,False,False,,concentration
306,1.0,standard_c5_shift,True,0.0,False,False,False,,concentration
306,1.0,standard_c5_shift,True,0.01,False,False,False,,concentration
306,1.0,standard_c5_source,True,0.0,False,False,False,,concentration
306,1.0,standard_c5_source,True,0.01,False,False,False,,concentration
306,1.0,standard_joint_shift,True,0.0,False,False,False,,concentration
306,1.0,standard_joint_shift,True,0.01,False,False,False,,concentration
306,1.0,standard_joint_source,True,0.0,False,False,False,,concentration
306,1.0,standard_joint_source,True,0.01,False,False,False,,concentration
307,1.0,auto_s_shift,True,0.0,False,False,False,,concentration
307,1.0,auto_s_shift,True,0.01,False,False,False,,concentration
307,1.0,auto_s_source,True,0.0,False,False,False,,concentration
307,1.0,auto_s_source,True,0.01,False,False,False,,concentration
307,1.0,combined_shift,True,0.0,False,False,False,,concentration
307,1.0,combined_shift,True,0.01,False,False,False,,concentration
307,1.0,combined_source,True,0.0,False,False,False,,concentration
307,1.0,combined_source,True,0.01,False,False,False,,concentration
307,1.0,standard_c1_shift,True,0.0,False,False,False,,concentration
307,1.0,standard_c1_shift,True,0.01,False,False,False,,concentration
307,1.0,standard_c1_source,True,0.0,False,False,False,,concentration
307,1.0,standard_c1_source,True,0.01,False,False,False,,concentration
307,1.0,standard_c5_shift,True,0.0,False,False,False,,concentration
307,1.0,standard_c5_shift,True,0.01,False,False,False,,concentration
307,1.0,standard_c5_source,True,0.0,False,False,False,,concentration
307,1.0,standard_c5_source,True,0.01,False,False,False,,concentration
307,1.0,standard_joint_shift,True,0.0,False,False,False,,concentration
307,1.0,standard_joint_shift,True,0.01,False,False,False,,concentration
307,1.0,standard_joint_source,True,0.0,False,False,False,,concentration
307,1.0,standard_joint_source,True,0.01,False,False,False,,concentration
308,1.0,auto_s_shift,True,0.0,False,False,False,,concentration
308,1.0,auto_s_shift,True,0.01,False,False,False,,concentration
308,1.0,auto_s_source,True,0.0,False,False,False,,concentration
308,1.0,auto_s_source,True,0.01,False,False,False,,concentration
308,1.0,combined_shift,True,0.0,False,False,False,,concentration
308,1.0,combined_shift,True,0.01,False,False,False,,concentration
308,1.0,combined_source,True,0.0,False,False,False,,concentration
308,1.0,combined_source,True,0.01,False,False,False,,concentration
308,1.0,standard_c1_shift,True,0.0,False,False,False,,concentration
308,1.0,standard_c1_shift,True,0.01,False,False,False,,concentration
308,1.0,standard_c1_source,True,0.0,False,False,False,,concentration
308,1.0,standard_c1_source,True,0.01,False,False,False,,concentration
308,1.0,standard_c5_shift,True,0.0,False,False,False,,concentration
308,1.0,standard_c5_shift,True,0.01,False,False,False,,concentration
308,1.0,standard_c5_source,True,0.0,False,False,False,,concentration
308,1.0,standard_c5_source,True,0.01,False,False,False,,concentration
308,1.0,standard_joint_shift,True,0.0,False,False,False,,concentration
308,1.0,standard_joint_shift,True,0.01,False,False,False,,concentration
308,1.0,standard_joint_source,True,0.0,False,False,False,,concentration
308,1.0,standard_joint_source,True,0.01,False,False,False,,concentration
309,1.0,auto_s_shift,True,0.0,False,False,False,,concentration
309,1.0,auto_s_shift,True,0.01,False,False,False,,concentration
309,1.0,auto_s_source,True,0.0,False,False,False,,concentration
309,1.0,auto_s_source,True,0.01,False,False,False,,concentration
309,1.0,combined_shift,True,0.0,False,False,False,,concentration
309,1.0,combined_shift,True,0.01,False,False,False,,concentration
309,1.0,combined_source,True,0.0,False,False,False,,concentration
309,1.0,combined_source,True,0.01,False,False,False,,concentration
309,1.0,standard_c1_shift,True,0.0,False,False,False,,concentration
309,1.0,standard_c1_shift,True,0.01,False,False,False,,concentration
309,1.0,standard_c1_source,True,0.0,False,False,False,,concentration
309,1.0,standard_c1_source,True,0.01,False,False,False,,concentration
309,1.0,standard_c5_shift,True,0.0,False,False,False,,concentration
309,1.0,standard_c5_shift,True,0.01,False,False,False,,concentration
309,1.0,standard_c5_source,True,0.0,False,False,False,,concentration
309,1.0,standard_c5_source,True,0.01,False,False,False,,concentration
309,1.0,standard_joint_shift,True,0.0,False,False,False,,concentration
309,1.0,standard_joint_shift,True,0.01,False,False,False,,concentration
309,1.0,standard_joint_source,True,0.0,False,False,False,,concentration
309,1.0,standard_joint_source,True,0.01,False,False,False,,concentration
310,1.0,auto_s_shift,True,0.0,False,False,False,,concentration
310,1.0,auto_s_shift,True,0.01,False,False,False,,concentration
310,1.0,auto_s_source,True,0.0,False,False,False,,concentration
310,1.0,auto_s_source,True,0.01,False,False,False,,concentration
310,1.0,combined_shift,True,0.0,False,False,False,,concentration
310,1.0,combined_shift,True,0.01,False,False,False,,concentration
310,1.0,combined_source,True,0.0,False,False,False,,concentration
310,1.0,combined_source,True,0.01,False,False,False,,concentration
310,1.0,standard_c1_shift,True,0.0,False,False,False,,concentration
310,1.0,standard_c1_shift,True,0.01,False,False,False,,concentration
310,1.0,standard_c1_source,True,0.0,False,False,False,,concentration
310,1.0,standard_c1_source,True,0.01,False,False,False,,concentration
310,1.0,standard_c5_shift,True,0.0,False,False,False,,concentration
310,1.0,standard_c5_shift,True,0.01,False,False,False,,concentration
310,1.0,standard_c5_source,True,0.0,False,False,False,,concentration
310,1.0,standard_c5_source,True,0.01,False,False,False,,concentration
310,1.0,standard_joint_shift,True,0.0,False,False,False,,concentration
310,1.0,standard_joint_shift,True,0.01,False,False,False,,concentration
310,1.0,standard_joint_source,True,0.0,False,False,False,,concentration
310,1.0,standard_joint_source,True,0.01,False,False,False,,concentration
311,1.0,auto_s_shift,True,0.0,False,False,False,,concentration
311,1.0,auto_s_shift,True,0.01,False,False,False,,concentration
311,1.0,auto_s_source,True,0.0,False,False,False,,concentration
311,1.0,auto_s_source,True,0.01,False,False,False,,concentration
311,1.0,combined_shift,True,0.0,False,False,False,,concentration
311,1.0,combined_shift,True,0.01,False,False,False,,concentration
311,1.0,combined_source,True,0.0,False,False,False,,concentration
311,1.0,combined_source,True,0.01,False,False,False,,concentration
311,1.0,standard_c1_shift,True,0.0,False,False,False,,concentration
311,1.0,standard_c1_shift,True,0.01,False,False,False,,concentration
311,1.0,standard_c1_source,True,0.0,False,False,False,,concentration
311,1.0,standard_c1_source,True,0.01,False,False,False,,concentration
311,1.0,standard_c5_shift,True,0.0,False,False,False,,concentration
311,1.0,standard_c5_shift,True,0.01,False,False,False,,concentration
311,1.0,standard_c5_source,True,0.0,False,False,False,,concentration
311,1.0,standard_c5_source,True,0.01,False,False,False,,concentration
311,1.0,standard_joint_shift,True,0.0,False,False,False,,concentration
311,1.0,standard_joint_shift,True,0.01,False,False,False,,concentration
311,1.0,standard_joint_source,True,0.0,False,False,False,,concentration
311,1.0,standard_joint_source,True,0.01,False,False,False,,concentration
312,1.0,auto_s_shift,True,0.0,False,False,False,,concentration
312,1.0,auto_s_shift,True,0.01,False,False,False,,concentration
312,1.0,auto_s_source,True,0.0,False,False,False,,concentration
312,1.0,auto_s_source,True,0.01,False,False,False,,concentration
312,1.0,combined_shift,True,0.0,False,False,False,,concentration
312,1.0,combined_shift,True,0.01,False,False,False,,concentration
312,1.0,combined_source,True,0.0,False,False,False,,concentration
312,1.0,combined_source,True,0.01,False,False,False,,concentration
312,1.0,standard_c1_shift,True,0.0,False,False,False,,concentration
312,1.0,standard_c1_shift,True,0.01,False,False,False,,concentration
312,1.0,standard_c1_source,True,0.0,False,False,False,,concentration
312,1.0,standard_c1_source,True,0.01,False,False,False,,concentration
312,1.0,standard_c5_shift,True,0.0,False,False,False,,concentration
312,1.0,standard_c5_shift,True,0.01,False,False,False,,concentration
312,1.0,standard_c5_source,True,0.0,False,False,False,,concentration
312,1.0,standard_c5_source,True,0.01,False,False,False,,concentration
312,1.0,standard_joint_shift,True,0.0,False,False,False,,concentration
312,1.0,standard_joint_shift,True,0.01,False,False,False,,concentration
312,1.0,standard_joint_source,True,0.0,False,False,False,,concentration
312,1.0,standard_joint_source,True,0.01,False,False,False,,concentration
313,1.0,auto_s_shift,True,0.0,False,False,False,,concentration
313,1.0,auto_s_shift,True,0.01,False,False,False,,concentration
313,1.0,auto_s_source,True,0.0,False,False,False,,concentration
313,1.0,auto_s_source,True,0.01,False,False,False,,concentration
313,1.0,combined_shift,True,0.0,False,False,False,,concentration
313,1.0,combined_shift,True,0.01,False,False,False,,concentration
313,1.0,combined_source,True,0.0,False,False,False,,concentration
313,1.0,combined_source,True,0.01,False,False,False,,concentration
313,1.0,standard_c1_shift,True,0.0,False,False,False,,concentration
313,1.0,standard_c1_shift,True,0.01,False,False,False,,concentration
313,1.0,standard_c1_source,True,0.0,False,False,False,,concentration
313,1.0,standard_c1_source,True,0.01,False,False,False,,concentration
313,1.0,standard_c5_shift,True,0.0,False,False,False,,concentration
313,1.0,standard_c5_shift,True,0.01,False,False,False,,concentration
313,1.0,standard_c5_source,True,0.0,False,False,False,,concentration
313,1.0,standard_c5_source,True,0.01,False,False,False,,concentration
313,1.0,standard_joint_shift,True,0.0,False,False,False,,concentration
313,1.0,standard_joint_shift,True,0.01,False,False,False,,concentration
313,1.0,standard_joint_source,True,0.0,False,False,False,,concentration
313,1.0,standard_joint_source,True,0.01,False,False,False,,concentration
314,1.0,auto_s_shift,True,0.0,False,False,False,,concentration
314,1.0,auto_s_shift,True,0.01,False,False,False,,concentration
314,1.0,auto_s_source,True,0.0,False,False,False,,concentration
314,1.0,auto_s_source,True,0.01,False,False,False,,concentration
314,1.0,combined_shift,True,0.0,False,False,False,,concentration
314,1.0,combined_shift,True,0.01,False,False,False,,concentration
314,1.0,combined_source,True,0.0,False,False,False,,concentration
314,1.0,combined_source,True,0.01,False,False,False,,concentration
314,1.0,standard_c1_shift,True,0.0,False,False,False,,concentration
314,1.0,standard_c1_shift,True,0.01,False,False,False,,concentration
314,1.0,standard_c1_source,True,0.0,False,False,False,,concentration
314,1.0,standard_c1_source,True,0.01,False,False,False,,concentration
314,1.0,standard_c5_shift,True,0.0,False,False,False,,concentration
314,1.0,standard_c5_shift,True,0.01,False,False,False,,concentration
314,1.0,standard_c5_source,True,0.0,False,False,False,,concentration
314,1.0,standard_c5_source,True,0.01,False,False,False,,concentration
314,1.0,standard_joint_shift,True,0.0,False,False,False,,concentration
314,1.0,standard_joint_shift,True,0.01,False,False,False,,concentration
314,1.0,standard_joint_source,True,0.0,False,False,False,,concentration
314,1.0,standard_joint_source,True,0.01,False,False,False,,concentration
315,1.0,auto_s_shift,True,0.0,False,False,False,,concentration
315,1.0,auto_s_shift,True,0.01,False,False,False,,concentration
315,1.0,auto_s_source,True,0.0,False,False,False,,concentration
315,1.0,auto_s_source,True,0.01,False,False,False,,concentration
315,1.0,combined_shift,True,0.0,False,False,False,,concentration
315,1.0,combined_shift,True,0.01,False,False,False,,concentration
315,1.0,combined_source,True,0.0,False,False,False,,concentration
315,1.0,combined_source,True,0.01,False,False,False,,concentration
315,1.0,standard_c1_shift,True,0.0,False,False,False,,concentration
315,1.0,standard_c1_shift,True,0.01,False,False,False,,concentration
315,1.0,standard_c1_source,True,0.0,False,False,False,,concentration
315,1.0,standard_c1_source,True,0.01,False,False,False,,concentration
315,1.0,standard_c5_shift,True,0.0,False,False,False,,concentration
315,1.0,standard_c5_shift,True,0.01,False,False,False,,concentration
315,1.0,standard_c5_source,True,0.0,False,False,False,,concentration
315,1.0,standard_c5_source,True,0.01,False,False,False,,concentration
315,1.0,standard_joint_shift,True,0.0,False,False,False,,concentration
315,1.0,standard_joint_shift,True,0.01,False,False,False,,concentration
315,1.0,standard_joint_source,True,0.0,False,False,False,,concentration
315,1.0,standard_joint_source,True,0.01,False,False,False,,concentration
316,1.0,auto_s_shift,True,0.0,False,False,False,,concentration
316,1.0,auto_s_shift,True,0.01,False,False,False,,concentration
316,1.0,auto_s_source,True,0.0,False,False,False,,concentration
316,1.0,auto_s_source,True,0.01,False,False,False,,concentration
316,1.0,combined_shift,True,0.0,False,False,False,,concentration
316,1.0,combined_shift,True,0.01,False,False,False,,concentration
316,1.0,combined_source,True,0.0,False,False,False,,concentration
316,1.0,combined_source,True,0.01,False,False,False,,concentration
316,1.0,standard_c1_shift,True,0.0,False,False,False,,concentration
316,1.0,standard_c1_shift,True,0.01,False,False,False,,concentration
316,1.0,standard_c1_source,True,0.0,False,False,False,,concentration
316,1.0,standard_c1_source,True,0.01,False,False,False,,concentration
316,1.0,standard_c5_shift,True,0.0,False,False,False,,concentration
316,1.0,standard_c5_shift,True,0.01,False,False,False,,concentration
316,1.0,standard_c5_source,True,0.0,False,False,False,,concentration
316,1.0,standard_c5_source,True,0.01,False,False,False,,concentration
316,1.0,standard_joint_shift,True,0.0,False,False,False,,concentration
316,1.0,standard_joint_shift,True,0.01,False,False,False,,concentration
316,1.0,standard_joint_source,True,0.0,False,False,False,,concentration
316,1.0,standard_joint_source,True,0.01,False,False,False,,concentration
317,1.0,auto_s_shift,True,0.0,False,False,False,,concentration
317,1.0,auto_s_shift,True,0.01,False,False,False,,concentration
317,1.0,auto_s_source,True,0.0,False,False,False,,concentration
317,1.0,auto_s_source,True,0.01,False,False,False,,concentration
317,1.0,combined_shift,True,0.0,False,False,False,,concentration
317,1.0,combined_shift,True,0.01,False,False,False,,concentration
317,1.0,combined_source,True,0.0,False,False,False,,concentration
317,1.0,combined_source,True,0.01,False,False,False,,concentration
317,1.0,standard_c1_shift,True,0.0,False,False,False,,concentration
317,1.0,standard_c1_shift,True,0.01,False,False,False,,concentration
317,1.0,standard_c1_source,True,0.0,False,False,False,,concentration
317,1.0,standard_c1_source,True,0.01,False,False,False,,concentration
317,1.0,standard_c5_shift,True,0.0,False,False,False,,concentration
317,1.0,standard_c5_shift,True,0.01,False,False,False,,concentration
317,1.0,standard_c5_source,True,0.0,False,False,False,,concentration
317,1.0,standard_c5_source,True,0.01,False,False,False,,concentration
317,1.0,standard_joint_shift,True,0.0,False,False,False,,concentration
317,1.0,standard_joint_shift,True,0.01,False,False,False,,concentration
317,1.0,standard_joint_source,True,0.0,False,False,False,,concentration
317,1.0,standard_joint_source,True,0.01,False,False,False,,concentration
318,1.0,auto_s_shift,True,0.0,False,False,False,,concentration
318,1.0,auto_s_shift,True,0.01,False,False,False,,concentration
318,1.0,auto_s_source,True,0.0,False,False,False,,concentration
318,1.0,auto_s_source,True,0.01,False,False,False,,concentration
318,1.0,combined_shift,True,0.0,False,False,False,,concentration
318,1.0,combined_shift,True,0.01,False,False,False,,concentration
318,1.0,combined_source,True,0.0,False,False,False,,concentration
318,1.0,combined_source,True,0.01,False,False,False,,concentration
318,1.0,standard_c1_shift,True,0.0,False,False,False,,concentration
318,1.0,standard_c1_shift,True,0.01,False,False,False,,concentration
318,1.0,standard_c1_source,True,0.0,False,False,False,,concentration
318,1.0,standard_c1_source,True,0.01,False,False,False,,concentration
318,1.0,standard_c5_shift,True,0.0,False,False,False,,concentration
318,1.0,standard_c5_shift,True,0.01,False,False,False,,concentration
318,1.0,standard_c5_source,True,0.0,False,False,False,,concentration
318,1.0,standard_c5_source,True,0.01,False,False,False,,concentration
318,1.0,standard_joint_shift,True,0.0,False,False,False,,concentration
318,1.0,standard_joint_shift,True,0.01,False,False,False,,concentration
318,1.0,standard_joint_source,True,0.0,False,False,False,,concentration
318,1.0,standard_joint_source,True,0.01,False,False,False,,concentration
319,1.0,auto_s_shift,True,0.0,False,False,False,,concentration
319,1.0,auto_s_shift,True,0.01,False,False,False,,concentration
319,1.0,auto_s_source,True,0.0,False,False,False,,concentration
319,1.0,auto_s_source,True,0.01,False,False,False,,concentration
319,1.0,combined_shift,True,0.0,False,False,False,,concentration
319,1.0,combined_shift,True,0.01,False,False,False,,concentration
319,1.0,combined_source,True,0.0,False,False,False,,concentration
319,1.0,combined_source,True,0.01,False,False,False,,concentration
319,1.0,standard_c1_shift,True,0.0,False,False,False,,concentration
319,1.0,standard_c1_shift,True,0.01,False,False,False,,concentration
319,1.0,standard_c1_source,True,0.0,False,False,False,,concentration
319,1.0,standard_c1_source,True,0.01,False,False,False,,concentration
319,1.0,standard_c5_shift,True,0.0,False,False,False,,concentration
319,1.0,standard_c5_shift,True,0.01,False,False,False,,concentration
319,1.0,standard_c5_source,True,0.0,False,False,False,,concentration
319,1.0,standard_c5_source,True,0.01,False,False,False,,concentration
319,1.0,standard_joint_shift,True,0.0,False,False,False,,concentration
319,1.0,standard_joint_shift,True,0.01,False,False,False,,concentration
319,1.0,standard_joint_source,True,0.0,False,False,False,,concentration
319,1.0,standard_joint_source,True,0.01,False,False,False,,concentration
300,1.0,auto_s_shift,False,0.0,False,False,False,,point
300,1.0,auto_s_shift,False,0.01,False,False,False,,point
300,1.0,auto_s_source,False,0.0,True,True,False,0.8211811431240386,point
300,1.0,auto_s_source,False,0.01,False,False,False,,point
300,1.0,combined_shift,False,0.0,True,False,True,0.8313970590561018,point
300,1.0,combined_shift,False,0.01,True,False,True,0.8484761263127708,point
300,1.0,combined_source,False,0.0,True,False,True,0.8313970590561018,point
300,1.0,combined_source,False,0.01,True,False,True,0.8313970590561018,point
300,1.0,standard_c1_shift,False,0.0,True,False,True,0.8258449652124314,point
300,1.0,standard_c1_shift,False,0.01,False,False,False,,point
300,1.0,standard_c1_source,False,0.0,True,False,True,0.8258449652124314,point
300,1.0,standard_c1_source,False,0.01,False,False,False,,point
300,1.0,standard_c5_shift,False,0.0,True,False,True,0.8313970590561018,point
300,1.0,standard_c5_shift,False,0.01,True,False,True,0.8484761263127708,point
300,1.0,standard_c5_source,False,0.0,True,False,True,0.8313970590561018,point
300,1.0,standard_c5_source,False,0.01,True,False,True,0.8313970590561018,point
300,1.0,standard_joint_shift,False,0.0,True,False,True,0.8313970590561018,point
300,1.0,standard_joint_shift,False,0.01,True,False,True,0.8484761263127708,point
300,1.0,standard_joint_source,False,0.0,True,False,True,0.8313970590561018,point
300,1.0,standard_joint_source,False,0.01,True,False,True,0.8313970590561018,point
301,1.0,auto_s_shift,False,0.0,False,False,False,,point
301,1.0,auto_s_shift,False,0.01,False,False,False,,point
301,1.0,auto_s_source,False,0.0,False,False,False,,point
301,1.0,auto_s_source,False,0.01,False,False,False,,point
301,1.0,combined_shift,False,0.0,True,False,True,0.832066655755019,point
301,1.0,combined_shift,False,0.01,True,False,True,0.832066655755019,point
301,1.0,combined_source,False,0.0,True,False,True,0.832066655755019,point
301,1.0,combined_source,False,0.01,True,False,True,0.832066655755019,point
301,1.0,standard_c1_shift,False,0.0,True,False,True,0.8277606725692505,point
301,1.0,standard_c1_shift,False,0.01,False,False,False,,point
301,1.0,standard_c1_source,False,0.0,True,False,True,0.8277606725692505,point
301,1.0,standard_c1_source,False,0.01,False,False,False,,point
301,1.0,standard_c5_shift,False,0.0,True,False,True,0.832066655755019,point
301,1.0,standard_c5_shift,False,0.01,True,False,True,0.832066655755019,point
301,1.0,standard_c5_source,False,0.0,True,False,True,0.832066655755019,point
301,1.0,standard_c5_source,False,0.01,True,False,True,0.832066655755019,point
301,1.0,standard_joint_shift,False,0.0,True,False,True,0.832066655755019,point
301,1.0,standard_joint_shift,False,0.01,True,False,True,0.832066655755019,point
301,1.0,standard_joint_source,False,0.0,True,False,True,0.832066655755019,point
301,1.0,standard_joint_source,False,0.01,True,False,True,0.832066655755019,point
302,1.0,auto_s_shift,False,0.0,False,False,False,,point
302,1.0,auto_s_shift,False,0.01,False,False,False,,point
302,1.0,auto_s_source,False,0.0,True,False,True,0.8162774100048793,point
302,1.0,auto_s_source,False,0.01,False,False,False,,point
302,1.0,combined_shift,False,0.0,True,False,True,0.832329890729314,point
302,1.0,combined_shift,False,0.01,True,False,True,0.832329890729314,point
302,1.0,combined_source,False,0.0,True,False,True,0.832329890729314,point
302,1.0,combined_source,False,0.01,True,False,True,0.832329890729314,point
302,1.0,standard_c1_shift,False,0.0,False,False,False,,point
302,1.0,standard_c1_shift,False,0.01,False,False,False,,point
302,1.0,standard_c1_source,False,0.0,True,False,True,0.8228239756718487,point
302,1.0,standard_c1_source,False,0.01,False,False,False,,point
302,1.0,standard_c5_shift,False,0.0,True,False,True,0.832329890729314,point
302,1.0,standard_c5_shift,False,0.01,True,False,True,0.832329890729314,point
302,1.0,standard_c5_source,False,0.0,True,False,True,0.832329890729314,point
302,1.0,standard_c5_source,False,0.01,True,False,True,0.832329890729314,point
302,1.0,standard_joint_shift,False,0.0,True,False,True,0.832329890729314,point
302,1.0,standard_joint_shift,False,0.01,True,False,True,0.832329890729314,point
302,1.0,standard_joint_source,False,0.0,True,False,True,0.832329890729314,point
302,1.0,standard_joint_source,False,0.01,True,False,True,0.832329890729314,point
303,1.0,auto_s_shift,False,0.0,False,False,False,,point
303,1.0,auto_s_shift,False,0.01,False,False,False,,point
303,1.0,auto_s_source,False,0.0,True,True,False,0.8114561364982951,point
303,1.0,auto_s_source,False,0.01,False,False,False,,point
303,1.0,combined_shift,False,0.0,True,False,True,0.8328238747715982,point
303,1.0,combined_shift,False,0.01,True,False,True,0.8419221382965059,point
303,1.0,combined_source,False,0.0,True,False,True,0.8328238747715982,point
303,1.0,combined_source,False,0.01,True,False,True,0.8328238747715982,point
303,1.0,standard_c1_shift,False,0.0,False,False,False,,point
303,1.0,standard_c1_shift,False,0.01,False,False,False,,point
303,1.0,standard_c1_source,False,0.0,True,False,True,0.8162634503275313,point
303,1.0,standard_c1_source,False,0.01,False,False,False,,point
303,1.0,standard_c5_shift,False,0.0,True,False,True,0.8328238747715982,point
303,1.0,standard_c5_shift,False,0.01,True,False,True,0.8419221382965059,point
303,1.0,standard_c5_source,False,0.0,True,False,True,0.8328238747715982,point
303,1.0,standard_c5_source,False,0.01,True,False,True,0.8328238747715982,point
303,1.0,standard_joint_shift,False,0.0,True,False,True,0.8328238747715982,point
303,1.0,standard_joint_shift,False,0.01,True,False,True,0.8419221382965059,point
303,1.0,standard_joint_source,False,0.0,True,False,True,0.8328238747715982,point
303,1.0,standard_joint_source,False,0.01,True,False,True,0.8328238747715982,point
304,1.0,auto_s_shift,False,0.0,False,False,False,,point
304,1.0,auto_s_shift,False,0.01,False,False,False,,point
304,1.0,auto_s_source,False,0.0,False,False,False,,point
304,1.0,auto_s_source,False,0.01,False,False,False,,point
304,1.0,combined_shift,False,0.0,True,False,True,0.8384977846989772,point
304,1.0,combined_shift,False,0.01,True,False,True,0.8384977846989772,point
304,1.0,combined_source,False,0.0,True,False,True,0.8384977846989772,point
304,1.0,combined_source,False,0.01,True,False,True,0.8384977846989772,point
304,1.0,standard_c1_shift,False,0.0,True,False,True,0.8231705252823609,point
304,1.0,standard_c1_shift,False,0.01,False,False,False,,point
304,1.0,standard_c1_source,False,0.0,True,False,True,0.8231705252823609,point
304,1.0,standard_c1_source,False,0.01,False,False,False,,point
304,1.0,standard_c5_shift,False,0.0,True,False,True,0.8384977846989772,point
304,1.0,standard_c5_shift,False,0.01,True,False,True,0.8384977846989772,point
304,1.0,standard_c5_source,False,0.0,True,False,True,0.8384977846989772,point
304,1.0,standard_c5_source,False,0.01,True,False,True,0.8384977846989772,point
304,1.0,standard_joint_shift,False,0.0,True,False,True,0.8384977846989772,point
304,1.0,standard_joint_shift,False,0.01,True,False,True,0.8384977846989772,point
304,1.0,standard_joint_source,False,0.0,True,False,True,0.8384977846989772,point
304,1.0,standard_joint_source,False,0.01,True,False,True,0.8384977846989772,point
305,1.0,auto_s_shift,False,0.0,False,False,False,,point
305,1.0,auto_s_shift,False,0.01,False,False,False,,point
305,1.0,auto_s_source,False,0.0,False,False,False,,point
305,1.0,auto_s_source,False,0.01,False,False,False,,point
305,1.0,combined_shift,False,0.0,True,False,True,0.8381052968622407,point
305,1.0,combined_shift,False,0.01,True,False,True,0.8381052968622407,point
305,1.0,combined_source,False,0.0,True,True,False,0.8116042850347429,point
305,1.0,combined_source,False,0.01,True,True,False,0.8116042850347429,point
305,1.0,standard_c1_shift,False,0.0,False,False,False,,point
305,1.0,standard_c1_shift,False,0.01,False,False,False,,point
305,1.0,standard_c1_source,False,0.0,True,False,True,0.8245233787338125,point
305,1.0,standard_c1_source,False,0.01,False,False,False,,point
305,1.0,standard_c5_shift,False,0.0,True,False,True,0.8381052968622407,point
305,1.0,standard_c5_shift,False,0.01,True,False,True,0.8381052968622407,point
305,1.0,standard_c5_source,False,0.0,True,True,False,0.8116042850347429,point
305,1.0,standard_c5_source,False,0.01,True,True,False,0.8116042850347429,point
305,1.0,standard_joint_shift,False,0.0,True,False,True,0.8381052968622407,point
305,1.0,standard_joint_shift,False,0.01,True,False,True,0.8381052968622407,point
305,1.0,standard_joint_source,False,0.0,True,True,False,0.8116042850347429,point
305,1.0,standard_joint_source,False,0.01,True,True,False,0.8116042850347429,point
306,1.0,auto_s_shift,False,0.0,False,False,False,,point
306,1.0,auto_s_shift,False,0.01,False,False,False,,point
306,1.0,auto_s_source,False,0.0,False,False,False,,point
306,1.0,auto_s_source,False,0.01,False,False,False,,point
306,1.0,combined_shift,False,0.0,True,False,True,0.8307707739415057,point
306,1.0,combined_shift,False,0.01,True,False,True,0.8471534156900011,point
306,1.0,combined_source,False,0.0,True,False,True,0.8307707739415057,point
306,1.0,combined_source,False,0.01,True,False,True,0.8471534156900011,point
306,1.0,standard_c1_shift,False,0.0,True,False,True,0.8217062612184564,point
306,1.0,standard_c1_shift,False,0.01,False,False,False,,point
306,1.0,standard_c1_source,False,0.0,True,False,True,0.8217062612184564,point
306,1.0,standard_c1_source,False,0.01,False,False,False,,point
306,1.0,standard_c5_shift,False,0.0,True,False,True,0.8307707739415057,point
306,1.0,standard_c5_shift,False,0.01,True,False,True,0.8471534156900011,point
306,1.0,standard_c5_source,False,0.0,True,False,True,0.8307707739415057,point
306,1.0,standard_c5_source,False,0.01,True,False,True,0.8471534156900011,point
306,1.0,standard_joint_shift,False,0.0,True,False,True,0.8307707739415057,point
306,1.0,standard_joint_shift,False,0.01,True,False,True,0.8471534156900011,point
306,1.0,standard_joint_source,False,0.0,True,False,True,0.8307707739415057,point
306,1.0,standard_joint_source,False,0.01,True,False,True,0.8471534156900011,point
307,1.0,auto_s_shift,False,0.0,False,False,False,,point
307,1.0,auto_s_shift,False,0.01,False,False,False,,point
307,1.0,auto_s_source,False,0.0,False,False,False,,point
307,1.0,auto_s_source,False,0.01,False,False,False,,point
307,1.0,combined_shift,False,0.0,True,False,True,0.8320619659128712,point
307,1.0,combined_shift,False,0.01,True,False,True,0.8320619659128712,point
307,1.0,combined_source,False,0.0,True,False,True,0.8320619659128712,point
307,1.0,combined_source,False,0.01,True,False,True,0.8320619659128712,point
307,1.0,standard_c1_shift,False,0.0,True,False,True,0.8189316735770706,point
307,1.0,standard_c1_shift,False,0.01,False,False,False,,point
307,1.0,standard_c1_source,False,0.0,True,False,True,0.8180774489957613,point
307,1.0,standard_c1_source,False,0.01,False,False,False,,point
307,1.0,standard_c5_shift,False,0.0,True,False,True,0.8320619659128712,point
307,1.0,standard_c5_shift,False,0.01,True,False,True,0.8320619659128712,point
307,1.0,standard_c5_source,False,0.0,True,False,True,0.8320619659128712,point
307,1.0,standard_c5_source,False,0.01,True,False,True,0.8320619659128712,point
307,1.0,standard_joint_shift,False,0.0,True,False,True,0.8320619659128712,point
307,1.0,standard_joint_shift,False,0.01,True,False,True,0.8320619659128712,point
307,1.0,standard_joint_source,False,0.0,True,False,True,0.8320619659128712,point
307,1.0,standard_joint_source,False,0.01,True,False,True,0.8320619659128712,point
308,1.0,auto_s_shift,False,0.0,False,False,False,,point
308,1.0,auto_s_shift,False,0.01,False,False,False,,point
308,1.0,auto_s_source,False,0.0,False,False,False,,point
308,1.0,auto_s_source,False,0.01,False,False,False,,point
308,1.0,combined_shift,False,0.0,True,False,True,0.8359422811918451,point
308,1.0,combined_shift,False,0.01,True,False,True,0.8359422811918451,point
308,1.0,combined_source,False,0.0,True,False,True,0.8359422811918451,point
308,1.0,combined_source,False,0.01,True,False,True,0.8359422811918451,point
308,1.0,standard_c1_shift,False,0.0,True,True,False,0.8154165920757371,point
308,1.0,standard_c1_shift,False,0.01,False,False,False,,point
308,1.0,standard_c1_source,False,0.0,True,True,False,0.8154165920757371,point
308,1.0,standard_c1_source,False,0.01,False,False,False,,point
308,1.0,standard_c5_shift,False,0.0,True,False,True,0.8359422811918451,point
308,1.0,standard_c5_shift,False,0.01,True,False,True,0.8359422811918451,point
308,1.0,standard_c5_source,False,0.0,True,False,True,0.8359422811918451,point
308,1.0,standard_c5_source,False,0.01,True,False,True,0.8359422811918451,point
308,1.0,standard_joint_shift,False,0.0,True,False,True,0.8359422811918451,point
308,1.0,standard_joint_shift,False,0.01,True,False,True,0.8359422811918451,point
308,1.0,standard_joint_source,False,0.0,True,False,True,0.8359422811918451,point
308,1.0,standard_joint_source,False,0.01,True,False,True,0.8359422811918451,point
309,1.0,auto_s_shift,False,0.0,False,False,False,,point
309,1.0,auto_s_shift,False,0.01,False,False,False,,point
309,1.0,auto_s_source,False,0.0,False,False,False,,point
309,1.0,auto_s_source,False,0.01,False,False,False,,point
309,1.0,combined_shift,False,0.0,True,False,True,0.8341285424715734,point
309,1.0,combined_shift,False,0.01,True,False,True,0.8341285424715734,point
309,1.0,combined_source,False,0.0,True,False,True,0.8341285424715734,point
309,1.0,combined_source,False,0.01,True,False,True,0.8341285424715734,point
309,1.0,standard_c1_shift,False,0.0,True,False,True,0.8263644096127559,point
309,1.0,standard_c1_shift,False,0.01,False,False,False,,point
309,1.0,standard_c1_source,False,0.0,True,False,True,0.8263644096127559,point
309,1.0,standard_c1_source,False,0.01,False,False,False,,point
309,1.0,standard_c5_shift,False,0.0,True,False,True,0.8341285424715734,point
309,1.0,standard_c5_shift,False,0.01,True,False,True,0.8341285424715734,point
309,1.0,standard_c5_source,False,0.0,True,False,True,0.8341285424715734,point
309,1.0,standard_c5_source,False,0.01,True,False,True,0.8341285424715734,point
309,1.0,standard_joint_shift,False,0.0,True,False,True,0.8341285424715734,point
309,1.0,standard_joint_shift,False,0.01,True,False,True,0.8341285424715734,point
309,1.0,standard_joint_source,False,0.0,True,False,True,0.8341285424715734,point
309,1.0,standard_joint_source,False,0.01,True,False,True,0.8341285424715734,point
310,1.0,auto_s_shift,False,0.0,False,False,False,,point
310,1.0,auto_s_shift,False,0.01,False,False,False,,point
310,1.0,auto_s_source,False,0.0,True,True,False,0.8277081183161686,point
310,1.0,auto_s_source,False,0.01,False,False,False,,point
310,1.0,combined_shift,False,0.0,True,False,True,0.8374119932783936,point
310,1.0,combined_shift,False,0.01,True,False,True,0.8374119932783936,point
310,1.0,combined_source,False,0.0,True,False,True,0.8374119932783936,point
310,1.0,combined_source,False,0.01,True,False,True,0.8374119932783936,point
310,1.0,standard_c1_shift,False,0.0,True,False,True,0.8335293976173223,point
310,1.0,standard_c1_shift,False,0.01,False,False,False,,point
310,1.0,standard_c1_source,False,0.0,True,False,True,0.8335293976173223,point
310,1.0,standard_c1_source,False,0.01,False,False,False,,point
310,1.0,standard_c5_shift,False,0.0,True,False,True,0.8374119932783936,point
310,1.0,standard_c5_shift,False,0.01,True,False,True,0.8374119932783936,point
310,1.0,standard_c5_source,False,0.0,True,False,True,0.8374119932783936,point
310,1.0,standard_c5_source,False,0.01,True,False,True,0.8374119932783936,point
310,1.0,standard_joint_shift,False,0.0,True,False,True,0.8374119932783936,point
310,1.0,standard_joint_shift,False,0.01,True,False,True,0.8374119932783936,point
310,1.0,standard_joint_source,False,0.0,True,False,True,0.8374119932783936,point
310,1.0,standard_joint_source,False,0.01,True,False,True,0.8374119932783936,point
311,1.0,auto_s_shift,False,0.0,True,False,True,0.8286430992092497,point
311,1.0,auto_s_shift,False,0.01,False,False,False,,point
311,1.0,auto_s_source,False,0.0,True,False,True,0.8286430992092497,point
311,1.0,auto_s_source,False,0.01,False,False,False,,point
311,1.0,combined_shift,False,0.0,True,False,True,0.8346879360754869,point
311,1.0,combined_shift,False,0.01,True,False,True,0.8529750730945578,point
311,1.0,combined_source,False,0.0,True,False,True,0.8400360904379028,point
311,1.0,combined_source,False,0.01,True,False,True,0.8400360904379028,point
311,1.0,standard_c1_shift,False,0.0,True,False,True,0.8346879360754869,point
311,1.0,standard_c1_shift,False,0.01,False,False,False,,point
311,1.0,standard_c1_source,False,0.0,True,False,True,0.8346879360754869,point
311,1.0,standard_c1_source,False,0.01,False,False,False,,point
311,1.0,standard_c5_shift,False,0.0,True,False,True,0.8400360904379028,point
311,1.0,standard_c5_shift,False,0.01,True,False,True,0.8529750730945578,point
311,1.0,standard_c5_source,False,0.0,True,False,True,0.8400360904379028,point
311,1.0,standard_c5_source,False,0.01,True,False,True,0.8400360904379028,point
311,1.0,standard_joint_shift,False,0.0,True,False,True,0.8346879360754869,point
311,1.0,standard_joint_shift,False,0.01,True,False,True,0.8529750730945578,point
311,1.0,standard_joint_source,False,0.0,True,False,True,0.8400360904379028,point
311,1.0,standard_joint_source,False,0.01,True,False,True,0.8400360904379028,point
312,1.0,auto_s_shift,False,0.0,False,False,False,,point
312,1.0,auto_s_shift,False,0.01,False,False,False,,point
312,1.0,auto_s_source,False,0.0,True,True,False,0.8196864874332254,point
312,1.0,auto_s_source,False,0.01,False,False,False,,point
312,1.0,combined_shift,False,0.0,True,False,True,0.84959174141677,point
312,1.0,combined_shift,False,0.01,True,False,True,0.84959174141677,point
312,1.0,combined_source,False,0.0,True,False,True,0.84959174141677,point
312,1.0,combined_source,False,0.01,True,False,True,0.84959174141677,point
312,1.0,standard_c1_shift,False,0.0,True,True,False,0.8260616182719694,point
312,1.0,standard_c1_shift,False,0.01,False,False,False,,point
312,1.0,standard_c1_source,False,0.0,True,True,False,0.8260616182719694,point
312,1.0,standard_c1_source,False,0.01,False,False,False,,point
312,1.0,standard_c5_shift,False,0.0,True,False,True,0.84959174141677,point
312,1.0,standard_c5_shift,False,0.01,True,False,True,0.84959174141677,point
312,1.0,standard_c5_source,False,0.0,True,False,True,0.84959174141677,point
312,1.0,standard_c5_source,False,0.01,True,False,True,0.84959174141677,point
312,1.0,standard_joint_shift,False,0.0,True,False,True,0.84959174141677,point
312,1.0,standard_joint_shift,False,0.01,True,False,True,0.84959174141677,point
312,1.0,standard_joint_source,False,0.0,True,False,True,0.84959174141677,point
312,1.0,standard_joint_source,False,0.01,True,False,True,0.84959174141677,point
313,1.0,auto_s_shift,False,0.0,True,False,True,0.8186356388237918,point
313,1.0,auto_s_shift,False,0.01,False,False,False,,point
313,1.0,auto_s_source,False,0.0,True,False,True,0.8186356388237918,point
313,1.0,auto_s_source,False,0.01,False,False,False,,point
313,1.0,combined_shift,False,0.0,True,False,True,0.8277729626933805,point
313,1.0,combined_shift,False,0.01,True,False,True,0.8277729626933805,point
313,1.0,combined_source,False,0.0,True,False,True,0.8277729626933805,point
313,1.0,combined_source,False,0.01,True,False,True,0.8277729626933805,point
313,1.0,standard_c1_shift,False,0.0,True,False,True,0.8243250350262329,point
313,1.0,standard_c1_shift,False,0.01,False,False,False,,point
313,1.0,standard_c1_source,False,0.0,True,False,True,0.8243250350262329,point
313,1.0,standard_c1_source,False,0.01,False,False,False,,point
313,1.0,standard_c5_shift,False,0.0,True,False,True,0.8277729626933805,point
313,1.0,standard_c5_shift,False,0.01,True,False,True,0.8277729626933805,point
313,1.0,standard_c5_source,False,0.0,True,False,True,0.8277729626933805,point
313,1.0,standard_c5_source,False,0.01,True,False,True,0.8277729626933805,point
313,1.0,standard_joint_shift,False,0.0,True,False,True,0.8277729626933805,point
313,1.0,standard_joint_shift,False,0.01,True,False,True,0.8277729626933805,point
313,1.0,standard_joint_source,False,0.0,True,False,True,0.8277729626933805,point
313,1.0,standard_joint_source,False,0.01,True,False,True,0.8277729626933805,point
314,1.0,auto_s_shift,False,0.0,False,False,False,,point
314,1.0,auto_s_shift,False,0.01,False,False,False,,point
314,1.0,auto_s_source,False,0.0,True,False,True,0.8309598158869762,point
314,1.0,auto_s_source,False,0.01,False,False,False,,point
314,1.0,combined_shift,False,0.0,True,False,True,0.8397328391807934,point
314,1.0,combined_shift,False,0.01,True,False,True,0.8397328391807934,point
314,1.0,combined_source,False,0.0,True,False,True,0.8397328391807934,point
314,1.0,combined_source,False,0.01,True,False,True,0.8397328391807934,point
314,1.0,standard_c1_shift,False,0.0,True,False,True,0.8362550556183488,point
314,1.0,standard_c1_shift,False,0.01,False,False,False,,point
314,1.0,standard_c1_source,False,0.0,True,False,True,0.8362550556183488,point
314,1.0,standard_c1_source,False,0.01,False,False,False,,point
314,1.0,standard_c5_shift,False,0.0,True,False,True,0.8397328391807934,point
314,1.0,standard_c5_shift,False,0.01,True,False,True,0.8397328391807934,point
314,1.0,standard_c5_source,False,0.0,True,False,True,0.8397328391807934,point
314,1.0,standard_c5_source,False,0.01,True,False,True,0.8397328391807934,point
314,1.0,standard_joint_shift,False,0.0,True,False,True,0.8397328391807934,point
314,1.0,standard_joint_shift,False,0.01,True,False,True,0.8397328391807934,point
314,1.0,standard_joint_source,False,0.0,True,False,True,0.8397328391807934,point
314,1.0,standard_joint_source,False,0.01,True,False,True,0.8397328391807934,point
315,1.0,auto_s_shift,False,0.0,False,False,False,,point
315,1.0,auto_s_shift,False,0.01,False,False,False,,point
315,1.0,auto_s_source,False,0.0,True,False,True,0.8135475967879264,point
315,1.0,auto_s_source,False,0.01,False,False,False,,point
315,1.0,combined_shift,False,0.0,True,False,True,0.8114315347501627,point
315,1.0,combined_shift,False,0.01,True,False,True,0.8320547922335932,point
315,1.0,combined_source,False,0.0,True,False,True,0.8114315347501627,point
315,1.0,combined_source,False,0.01,True,False,True,0.8114315347501627,point
315,1.0,standard_c1_shift,False,0.0,True,False,True,0.8153568924356,point
315,1.0,standard_c1_shift,False,0.01,False,False,False,,point
315,1.0,standard_c1_source,False,0.0,True,False,True,0.8153568924356,point
315,1.0,standard_c1_source,False,0.01,False,False,False,,point
315,1.0,standard_c5_shift,False,0.0,True,False,True,0.8114315347501627,point
315,1.0,standard_c5_shift,False,0.01,True,False,True,0.8320547922335932,point
315,1.0,standard_c5_source,False,0.0,True,False,True,0.8114315347501627,point
315,1.0,standard_c5_source,False,0.01,True,False,True,0.8114315347501627,point
315,1.0,standard_joint_shift,False,0.0,True,False,True,0.8114315347501627,point
315,1.0,standard_joint_shift,False,0.01,True,False,True,0.8320547922335932,point
315,1.0,standard_joint_source,False,0.0,True,False,True,0.8114315347501627,point
315,1.0,standard_joint_source,False,0.01,True,False,True,0.8114315347501627,point
316,1.0,auto_s_shift,False,0.0,False,False,False,,point
316,1.0,auto_s_shift,False,0.01,False,False,False,,point
316,1.0,auto_s_source,False,0.0,True,True,False,0.8193610343807034,point
316,1.0,auto_s_source,False,0.01,False,False,False,,point
316,1.0,combined_shift,False,0.0,True,False,True,0.8438625265130962,point
316,1.0,combined_shift,False,0.01,True,False,True,0.8438625265130962,point
316,1.0,combined_source,False,0.0,True,False,True,0.8438625265130962,point
316,1.0,combined_source,False,0.01,True,False,True,0.8438625265130962,point
316,1.0,standard_c1_shift,False,0.0,True,False,True,0.8261419128890642,point
316,1.0,standard_c1_shift,False,0.01,False,False,False,,point
316,1.0,standard_c1_source,False,0.0,True,False,True,0.8268150166888636,point
316,1.0,standard_c1_source,False,0.01,True,False,True,0.8268150166888636,point
316,1.0,standard_c5_shift,False,0.0,True,False,True,0.8438625265130962,point
316,1.0,standard_c5_shift,False,0.01,True,False,True,0.8438625265130962,point
316,1.0,standard_c5_source,False,0.0,True,False,True,0.8438625265130962,point
316,1.0,standard_c5_source,False,0.01,True,False,True,0.8438625265130962,point
316,1.0,standard_joint_shift,False,0.0,True,False,True,0.8438625265130962,point
316,1.0,standard_joint_shift,False,0.01,True,False,True,0.8438625265130962,point
316,1.0,standard_joint_source,False,0.0,True,False,True,0.8438625265130962,point
316,1.0,standard_joint_source,False,0.01,True,False,True,0.8438625265130962,point
317,1.0,auto_s_shift,False,0.0,False,False,False,,point
317,1.0,auto_s_shift,False,0.01,False,False,False,,point
317,1.0,auto_s_source,False,0.0,False,False,False,,point
317,1.0,auto_s_source,False,0.01,False,False,False,,point
317,1.0,combined_shift,False,0.0,True,False,True,0.8396951282746946,point
317,1.0,combined_shift,False,0.01,True,False,True,0.8528530919276663,point
317,1.0,combined_source,False,0.0,True,False,True,0.8396951282746946,point
317,1.0,combined_source,False,0.01,True,False,True,0.8396951282746946,point
317,1.0,standard_c1_shift,False,0.0,True,False,True,0.825621103861073,point
317,1.0,standard_c1_shift,False,0.01,False,False,False,,point
317,1.0,standard_c1_source,False,0.0,True,False,True,0.825621103861073,point
317,1.0,standard_c1_source,False,0.01,False,False,False,,point
317,1.0,standard_c5_shift,False,0.0,True,False,True,0.8396951282746946,point
317,1.0,standard_c5_shift,False,0.01,True,False,True,0.8528530919276663,point
317,1.0,standard_c5_source,False,0.0,True,False,True,0.8396951282746946,point
317,1.0,standard_c5_source,False,0.01,True,False,True,0.8396951282746946,point
317,1.0,standard_joint_shift,False,0.0,True,False,True,0.8396951282746946,point
317,1.0,standard_joint_shift,False,0.01,True,False,True,0.8528530919276663,point
317,1.0,standard_joint_source,False,0.0,True,False,True,0.8396951282746946,point
317,1.0,standard_joint_source,False,0.01,True,False,True,0.8396951282746946,point
318,1.0,auto_s_shift,False,0.0,False,False,False,,point
318,1.0,auto_s_shift,False,0.01,False,False,False,,point
318,1.0,auto_s_source,False,0.0,False,False,False,,point
318,1.0,auto_s_source,False,0.01,False,False,False,,point
318,1.0,combined_shift,False,0.0,True,False,True,0.8301843031988523,point
318,1.0,combined_shift,False,0.01,True,False,True,0.8519410633669782,point
318,1.0,combined_source,False,0.0,True,False,True,0.8301843031988523,point
318,1.0,combined_source,False,0.01,True,False,True,0.8301843031988523,point
318,1.0,standard_c1_shift,False,0.0,False,False,False,,point
318,1.0,standard_c1_shift,False,0.01,False,False,False,,point
318,1.0,standard_c1_source,False,0.0,True,False,True,0.8292455370478672,point
318,1.0,standard_c1_source,False,0.01,False,False,False,,point
318,1.0,standard_c5_shift,False,0.0,True,False,True,0.8301843031988523,point
318,1.0,standard_c5_shift,False,0.01,True,False,True,0.8519410633669782,point
318,1.0,standard_c5_source,False,0.0,True,False,True,0.8301843031988523,point
318,1.0,standard_c5_source,False,0.01,True,False,True,0.8301843031988523,point
318,1.0,standard_joint_shift,False,0.0,True,False,True,0.8301843031988523,point
318,1.0,standard_joint_shift,False,0.01,True,False,True,0.8519410633669782,point
318,1.0,standard_joint_source,False,0.0,True,False,True,0.8301843031988523,point
318,1.0,standard_joint_source,False,0.01,True,False,True,0.8301843031988523,point
319,1.0,auto_s_shift,False,0.0,False,False,False,,point
319,1.0,auto_s_shift,False,0.01,False,False,False,,point
319,1.0,auto_s_source,False,0.0,False,False,False,,point
319,1.0,auto_s_source,False,0.01,False,False,False,,point
319,1.0,combined_shift,False,0.0,True,False,True,0.8194583104544169,point
319,1.0,combined_shift,False,0.01,True,False,True,0.8194583104544169,point
319,1.0,combined_source,False,0.0,True,False,True,0.8194583104544169,point
319,1.0,combined_source,False,0.01,True,False,True,0.8194583104544169,point
319,1.0,standard_c1_shift,False,0.0,True,False,True,0.8052390638779348,point
319,1.0,standard_c1_shift,False,0.01,False,False,False,,point
319,1.0,standard_c1_source,False,0.0,True,False,True,0.8052390638779348,point
319,1.0,standard_c1_source,False,0.01,False,False,False,,point
319,1.0,standard_c5_shift,False,0.0,True,False,True,0.8194583104544169,point
319,1.0,standard_c5_shift,False,0.01,True,False,True,0.8194583104544169,point
319,1.0,standard_c5_source,False,0.0,True,False,True,0.8194583104544169,point
319,1.0,standard_c5_source,False,0.01,True,False,True,0.8194583104544169,point
319,1.0,standard_joint_shift,False,0.0,True,False,True,0.8194583104544169,point
319,1.0,standard_joint_shift,False,0.01,True,False,True,0.8194583104544169,point
319,1.0,standard_joint_source,False,0.0,True,False,True,0.8194583104544169,point
319,1.0,standard_joint_source,False,0.01,True,False,True,0.8194583104544169,point
300,1.0,auto_s_shift,True,0.0,False,False,False,,sandwich
300,1.0,auto_s_shift,True,0.01,False,False,False,,sandwich
300,1.0,auto_s_source,True,0.0,False,False,False,,sandwich
300,1.0,auto_s_source,True,0.01,False,False,False,,sandwich
300,1.0,combined_shift,True,0.0,True,False,True,0.8484761263127708,sandwich
300,1.0,combined_shift,True,0.01,True,False,True,0.8484761263127708,sandwich
300,1.0,combined_source,True,0.0,True,False,True,0.8313970590561018,sandwich
300,1.0,combined_source,True,0.01,True,False,True,0.8313970590561018,sandwich
300,1.0,standard_c1_shift,True,0.0,False,False,False,,sandwich
300,1.0,standard_c1_shift,True,0.01,False,False,False,,sandwich
300,1.0,standard_c1_source,True,0.0,False,False,False,,sandwich
300,1.0,standard_c1_source,True,0.01,False,False,False,,sandwich
300,1.0,standard_c5_shift,True,0.0,True,False,True,0.8484761263127708,sandwich
300,1.0,standard_c5_shift,True,0.01,True,False,True,0.8484761263127708,sandwich
300,1.0,standard_c5_source,True,0.0,True,False,True,0.8313970590561018,sandwich
300,1.0,standard_c5_source,True,0.01,True,False,True,0.8313970590561018,sandwich
300,1.0,standard_joint_shift,True,0.0,True,False,True,0.8484761263127708,sandwich
300,1.0,standard_joint_shift,True,0.01,True,False,True,0.8484761263127708,sandwich
300,1.0,standard_joint_source,True,0.0,True,False,True,0.8313970590561018,sandwich
300,1.0,standard_joint_source,True,0.01,True,False,True,0.8313970590561018,sandwich
301,1.0,auto_s_shift,True,0.0,False,False,False,,sandwich
301,1.0,auto_s_shift,True,0.01,False,False,False,,sandwich
301,1.0,auto_s_source,True,0.0,False,False,False,,sandwich
301,1.0,auto_s_source,True,0.01,False,False,False,,sandwich
301,1.0,combined_shift,True,0.0,True,False,True,0.832066655755019,sandwich
301,1.0,combined_shift,True,0.01,True,False,True,0.8431908745685525,sandwich
301,1.0,combined_source,True,0.0,True,False,True,0.832066655755019,sandwich
301,1.0,combined_source,True,0.01,True,False,True,0.8431908745685525,sandwich
301,1.0,standard_c1_shift,True,0.0,False,False,False,,sandwich
301,1.0,standard_c1_shift,True,0.01,False,False,False,,sandwich
301,1.0,standard_c1_source,True,0.0,False,False,False,,sandwich
301,1.0,standard_c1_source,True,0.01,False,False,False,,sandwich
301,1.0,standard_c5_shift,True,0.0,True,False,True,0.832066655755019,sandwich
301,1.0,standard_c5_shift,True,0.01,True,False,True,0.8431908745685525,sandwich
301,1.0,standard_c5_source,True,0.0,True,False,True,0.832066655755019,sandwich
301,1.0,standard_c5_source,True,0.01,True,False,True,0.8431908745685525,sandwich
301,1.0,standard_joint_shift,True,0.0,True,False,True,0.832066655755019,sandwich
301,1.0,standard_joint_shift,True,0.01,True,False,True,0.8431908745685525,sandwich
301,1.0,standard_joint_source,True,0.0,True,False,True,0.832066655755019,sandwich
301,1.0,standard_joint_source,True,0.01,True,False,True,0.8431908745685525,sandwich
302,1.0,auto_s_shift,True,0.0,False,False,False,,sandwich
302,1.0,auto_s_shift,True,0.01,False,False,False,,sandwich
302,1.0,auto_s_source,True,0.0,False,False,False,,sandwich
302,1.0,auto_s_source,True,0.01,False,False,False,,sandwich
302,1.0,combined_shift,True,0.0,True,False,True,0.832329890729314,sandwich
302,1.0,combined_shift,True,0.01,True,False,True,0.8432579997107754,sandwich
302,1.0,combined_source,True,0.0,True,False,True,0.832329890729314,sandwich
302,1.0,combined_source,True,0.01,True,False,True,0.832329890729314,sandwich
302,1.0,standard_c1_shift,True,0.0,False,False,False,,sandwich
302,1.0,standard_c1_shift,True,0.01,False,False,False,,sandwich
302,1.0,standard_c1_source,True,0.0,False,False,False,,sandwich
302,1.0,standard_c1_source,True,0.01,False,False,False,,sandwich
302,1.0,standard_c5_shift,True,0.0,True,False,True,0.832329890729314,sandwich
302,1.0,standard_c5_shift,True,0.01,True,False,True,0.8432579997107754,sandwich
302,1.0,standard_c5_source,True,0.0,True,False,True,0.832329890729314,sandwich
302,1.0,standard_c5_source,True,0.01,True,False,True,0.832329890729314,sandwich
302,1.0,standard_joint_shift,True,0.0,True,False,True,0.832329890729314,sandwich
302,1.0,standard_joint_shift,True,0.01,True,False,True,0.8432579997107754,sandwich
302,1.0,standard_joint_source,True,0.0,True,False,True,0.832329890729314,sandwich
302,1.0,standard_joint_source,True,0.01,True,False,True,0.832329890729314,sandwich
303,1.0,auto_s_shift,True,0.0,False,False,False,,sandwich
303,1.0,auto_s_shift,True,0.01,False,False,False,,sandwich
303,1.0,auto_s_source,True,0.0,False,False,False,,sandwich
303,1.0,auto_s_source,True,0.01,False,False,False,,sandwich
303,1.0,combined_shift,True,0.0,True,False,True,0.8419221382965059,sandwich
303,1.0,combined_shift,True,0.01,True,False,True,0.8419221382965059,sandwich
303,1.0,combined_source,True,0.0,True,False,True,0.8328238747715982,sandwich
303,1.0,combined_source,True,0.01,True,False,True,0.8419221382965059,sandwich
303,1.0,standard_c1_shift,True,0.0,False,False,False,,sandwich
303,1.0,standard_c1_shift,True,0.01,False,False,False,,sandwich
303,1.0,standard_c1_source,True,0.0,False,False,False,,sandwich
303,1.0,standard_c1_source,True,0.01,False,False,False,,sandwich
303,1.0,standard_c5_shift,True,0.0,True,False,True,0.8419221382965059,sandwich
303,1.0,standard_c5_shift,True,0.01,True,False,True,0.8419221382965059,sandwich
303,1.0,standard_c5_source,True,0.0,True,False,True,0.8328238747715982,sandwich
303,1.0,standard_c5_source,True,0.01,True,False,True,0.8419221382965059,sandwich
303,1.0,standard_joint_shift,True,0.0,True,False,True,0.8419221382965059,sandwich
303,1.0,standard_joint_shift,True,0.01,True,False,True,0.8419221382965059,sandwich
303,1.0,standard_joint_source,True,0.0,True,False,True,0.8328238747715982,sandwich
303,1.0,standard_joint_source,True,0.01,True,False,True,0.8419221382965059,sandwich
304,1.0,auto_s_shift,True,0.0,False,False,False,,sandwich
304,1.0,auto_s_shift,True,0.01,False,False,False,,sandwich
304,1.0,auto_s_source,True,0.0,False,False,False,,sandwich
304,1.0,auto_s_source,True,0.01,False,False,False,,sandwich
304,1.0,combined_shift,True,0.0,True,False,True,0.8384977846989772,sandwich
304,1.0,combined_shift,True,0.01,True,False,True,0.8384977846989772,sandwich
304,1.0,combined_source,True,0.0,True,False,True,0.8384977846989772,sandwich
304,1.0,combined_source,True,0.01,True,False,True,0.8384977846989772,sandwich
304,1.0,standard_c1_shift,True,0.0,False,False,False,,sandwich
304,1.0,standard_c1_shift,True,0.01,False,False,False,,sandwich
304,1.0,standard_c1_source,True,0.0,False,False,False,,sandwich
304,1.0,standard_c1_source,True,0.01,False,False,False,,sandwich
304,1.0,standard_c5_shift,True,0.0,True,False,True,0.8384977846989772,sandwich
304,1.0,standard_c5_shift,True,0.01,True,False,True,0.8384977846989772,sandwich
304,1.0,standard_c5_source,True,0.0,True,False,True,0.8384977846989772,sandwich
304,1.0,standard_c5_source,True,0.01,True,False,True,0.8384977846989772,sandwich
304,1.0,standard_joint_shift,True,0.0,True,False,True,0.8384977846989772,sandwich
304,1.0,standard_joint_shift,True,0.01,True,False,True,0.8384977846989772,sandwich
304,1.0,standard_joint_source,True,0.0,True,False,True,0.8384977846989772,sandwich
304,1.0,standard_joint_source,True,0.01,True,False,True,0.8384977846989772,sandwich
305,1.0,auto_s_shift,True,0.0,False,False,False,,sandwich
305,1.0,auto_s_shift,True,0.01,False,False,False,,sandwich
305,1.0,auto_s_source,True,0.0,False,False,False,,sandwich
305,1.0,auto_s_source,True,0.01,False,False,False,,sandwich
305,1.0,combined_shift,True,0.0,True,False,True,0.8381052968622407,sandwich
305,1.0,combined_shift,True,0.01,True,False,True,0.8381052968622407,sandwich
305,1.0,combined_source,True,0.0,True,True,False,0.8116042850347429,sandwich
305,1.0,combined_source,True,0.01,True,False,True,0.8381052968622407,sandwich
305,1.0,standard_c1_shift,True,0.0,False,False,False,,sandwich
305,1.0,standard_c1_shift,True,0.01,False,False,False,,sandwich
305,1.0,standard_c1_source,True,0.0,False,False,False,,sandwich
305,1.0,standard_c1_source,True,0.01,False,False,False,,sandwich
305,1.0,standard_c5_shift,True,0.0,True,False,True,0.8381052968622407,sandwich
305,1.0,standard_c5_shift,True,0.01,True,False,True,0.8381052968622407,sandwich
305,1.0,standard_c5_source,True,0.0,True,True,False,0.8116042850347429,sandwich
305,1.0,standard_c5_source,True,0.01,True,False,True,0.8381052968622407,sandwich
305,1.0,standard_joint_shift,True,0.0,True,False,True,0.8381052968622407,sandwich
305,1.0,standard_joint_shift,True,0.01,True,False,True,0.8381052968622407,sandwich
305,1.0,standard_joint_source,True,0.0,True,True,False,0.8116042850347429,sandwich
305,1.0,standard_joint_source,True,0.01,True,False,True,0.8381052968622407,sandwich
306,1.0,auto_s_shift,True,0.0,False,False,False,,sandwich
306,1.0,auto_s_shift,True,0.01,False,False,False,,sandwich
306,1.0,auto_s_source,True,0.0,False,False,False,,sandwich
306,1.0,auto_s_source,True,0.01,False,False,False,,sandwich
306,1.0,combined_shift,True,0.0,True,False,True,0.8471534156900011,sandwich
306,1.0,combined_shift,True,0.01,True,False,True,0.8471534156900011,sandwich
306,1.0,combined_source,True,0.0,True,False,True,0.8471534156900011,sandwich
306,1.0,combined_source,True,0.01,True,False,True,0.8471534156900011,sandwich
306,1.0,standard_c1_shift,True,0.0,False,False,False,,sandwich
306,1.0,standard_c1_shift,True,0.01,False,False,False,,sandwich
306,1.0,standard_c1_source,True,0.0,False,False,False,,sandwich
306,1.0,standard_c1_source,True,0.01,False,False,False,,sandwich
306,1.0,standard_c5_shift,True,0.0,True,False,True,0.8471534156900011,sandwich
306,1.0,standard_c5_shift,True,0.01,True,False,True,0.8471534156900011,sandwich
306,1.0,standard_c5_source,True,0.0,True,False,True,0.8471534156900011,sandwich
306,1.0,standard_c5_source,True,0.01,True,False,True,0.8471534156900011,sandwich
306,1.0,standard_joint_shift,True,0.0,True,False,True,0.8471534156900011,sandwich
306,1.0,standard_joint_shift,True,0.01,True,False,True,0.8471534156900011,sandwich
306,1.0,standard_joint_source,True,0.0,True,False,True,0.8471534156900011,sandwich
306,1.0,standard_joint_source,True,0.01,True,False,True,0.8471534156900011,sandwich
307,1.0,auto_s_shift,True,0.0,False,False,False,,sandwich
307,1.0,auto_s_shift,True,0.01,False,False,False,,sandwich
307,1.0,auto_s_source,True,0.0,False,False,False,,sandwich
307,1.0,auto_s_source,True,0.01,False,False,False,,sandwich
307,1.0,combined_shift,True,0.0,True,False,True,0.8320619659128712,sandwich
307,1.0,combined_shift,True,0.01,True,False,True,0.8455091818648333,sandwich
307,1.0,combined_source,True,0.0,True,False,True,0.8320619659128712,sandwich
307,1.0,combined_source,True,0.01,True,False,True,0.8320619659128712,sandwich
307,1.0,standard_c1_shift,True,0.0,False,False,False,,sandwich
307,1.0,standard_c1_shift,True,0.01,False,False,False,,sandwich
307,1.0,standard_c1_source,True,0.0,False,False,False,,sandwich
307,1.0,standard_c1_source,True,0.01,False,False,False,,sandwich
307,1.0,standard_c5_shift,True,0.0,True,False,True,0.8320619659128712,sandwich
307,1.0,standard_c5_shift,True,0.01,True,False,True,0.8455091818648333,sandwich
307,1.0,standard_c5_source,True,0.0,True,False,True,0.8320619659128712,sandwich
307,1.0,standard_c5_source,True,0.01,True,False,True,0.8320619659128712,sandwich
307,1.0,standard_joint_shift,True,0.0,True,False,True,0.8320619659128712,sandwich
307,1.0,standard_joint_shift,True,0.01,True,False,True,0.8455091818648333,sandwich
307,1.0,standard_joint_source,True,0.0,True,False,True,0.8320619659128712,sandwich
307,1.0,standard_joint_source,True,0.01,True,False,True,0.8320619659128712,sandwich
308,1.0,auto_s_shift,True,0.0,False,False,False,,sandwich
308,1.0,auto_s_shift,True,0.01,False,False,False,,sandwich
308,1.0,auto_s_source,True,0.0,False,False,False,,sandwich
308,1.0,auto_s_source,True,0.01,False,False,False,,sandwich
308,1.0,combined_shift,True,0.0,True,False,True,0.8359422811918451,sandwich
308,1.0,combined_shift,True,0.01,True,False,True,0.8455676335038864,sandwich
308,1.0,combined_source,True,0.0,True,False,True,0.8359422811918451,sandwich
308,1.0,combined_source,True,0.01,True,False,True,0.8359422811918451,sandwich
308,1.0,standard_c1_shift,True,0.0,False,False,False,,sandwich
308,1.0,standard_c1_shift,True,0.01,False,False,False,,sandwich
308,1.0,standard_c1_source,True,0.0,False,False,False,,sandwich
308,1.0,standard_c1_source,True,0.01,False,False,False,,sandwich
308,1.0,standard_c5_shift,True,0.0,True,False,True,0.8359422811918451,sandwich
308,1.0,standard_c5_shift,True,0.01,True,False,True,0.8455676335038864,sandwich
308,1.0,standard_c5_source,True,0.0,True,False,True,0.8359422811918451,sandwich
308,1.0,standard_c5_source,True,0.01,True,False,True,0.8359422811918451,sandwich
308,1.0,standard_joint_shift,True,0.0,True,False,True,0.8359422811918451,sandwich
308,1.0,standard_joint_shift,True,0.01,True,False,True,0.8455676335038864,sandwich
308,1.0,standard_joint_source,True,0.0,True,False,True,0.8359422811918451,sandwich
308,1.0,standard_joint_source,True,0.01,True,False,True,0.8359422811918451,sandwich
309,1.0,auto_s_shift,True,0.0,False,False,False,,sandwich
309,1.0,auto_s_shift,True,0.01,False,False,False,,sandwich
309,1.0,auto_s_source,True,0.0,False,False,False,,sandwich
309,1.0,auto_s_source,True,0.01,False,False,False,,sandwich
309,1.0,combined_shift,True,0.0,True,False,True,0.8341285424715734,sandwich
309,1.0,combined_shift,True,0.01,True,False,True,0.8447490806606549,sandwich
309,1.0,combined_source,True,0.0,True,False,True,0.8341285424715734,sandwich
309,1.0,combined_source,True,0.01,True,False,True,0.8341285424715734,sandwich
309,1.0,standard_c1_shift,True,0.0,False,False,False,,sandwich
309,1.0,standard_c1_shift,True,0.01,False,False,False,,sandwich
309,1.0,standard_c1_source,True,0.0,False,False,False,,sandwich
309,1.0,standard_c1_source,True,0.01,False,False,False,,sandwich
309,1.0,standard_c5_shift,True,0.0,True,False,True,0.8341285424715734,sandwich
309,1.0,standard_c5_shift,True,0.01,True,False,True,0.8447490806606549,sandwich
309,1.0,standard_c5_source,True,0.0,True,False,True,0.8341285424715734,sandwich
309,1.0,standard_c5_source,True,0.01,True,False,True,0.8341285424715734,sandwich
309,1.0,standard_joint_shift,True,0.0,True,False,True,0.8341285424715734,sandwich
309,1.0,standard_joint_shift,True,0.01,True,False,True,0.8447490806606549,sandwich
309,1.0,standard_joint_source,True,0.0,True,False,True,0.8341285424715734,sandwich
309,1.0,standard_joint_source,True,0.01,True,False,True,0.8341285424715734,sandwich
310,1.0,auto_s_shift,True,0.0,False,False,False,,sandwich
310,1.0,auto_s_shift,True,0.01,False,False,False,,sandwich
310,1.0,auto_s_source,True,0.0,False,False,False,,sandwich
310,1.0,auto_s_source,True,0.01,False,False,False,,sandwich
310,1.0,combined_shift,True,0.0,True,False,True,0.8374119932783936,sandwich
310,1.0,combined_shift,True,0.01,True,False,True,0.8515035254972453,sandwich
310,1.0,combined_source,True,0.0,True,False,True,0.8374119932783936,sandwich
310,1.0,combined_source,True,0.01,True,False,True,0.8515035254972453,sandwich
310,1.0,standard_c1_shift,True,0.0,False,False,False,,sandwich
310,1.0,standard_c1_shift,True,0.01,False,False,False,,sandwich
310,1.0,standard_c1_source,True,0.0,False,False,False,,sandwich
310,1.0,standard_c1_source,True,0.01,False,False,False,,sandwich
310,1.0,standard_c5_shift,True,0.0,True,False,True,0.8374119932783936,sandwich
310,1.0,standard_c5_shift,True,0.01,True,False,True,0.8515035254972453,sandwich
310,1.0,standard_c5_source,True,0.0,True,False,True,0.8374119932783936,sandwich
310,1.0,standard_c5_source,True,0.01,True,False,True,0.8515035254972453,sandwich
310,1.0,standard_joint_shift,True,0.0,True,False,True,0.8374119932783936,sandwich
310,1.0,standard_joint_shift,True,0.01,True,False,True,0.8515035254972453,sandwich
310,1.0,standard_joint_source,True,0.0,True,False,True,0.8374119932783936,sandwich
310,1.0,standard_joint_source,True,0.01,True,False,True,0.8515035254972453,sandwich
311,1.0,auto_s_shift,True,0.0,False,False,False,,sandwich
311,1.0,auto_s_shift,True,0.01,False,False,False,,sandwich
311,1.0,auto_s_source,True,0.0,False,False,False,,sandwich
311,1.0,auto_s_source,True,0.01,False,False,False,,sandwich
311,1.0,combined_shift,True,0.0,True,False,True,0.8529750730945578,sandwich
311,1.0,combined_shift,True,0.01,True,False,True,0.8529750730945578,sandwich
311,1.0,combined_source,True,0.0,True,False,True,0.8400360904379028,sandwich
311,1.0,combined_source,True,0.01,True,False,True,0.8400360904379028,sandwich
311,1.0,standard_c1_shift,True,0.0,False,False,False,,sandwich
311,1.0,standard_c1_shift,True,0.01,False,False,False,,sandwich
311,1.0,standard_c1_source,True,0.0,False,False,False,,sandwich
311,1.0,standard_c1_source,True,0.01,False,False,False,,sandwich
311,1.0,standard_c5_shift,True,0.0,True,False,True,0.8529750730945578,sandwich
311,1.0,standard_c5_shift,True,0.01,True,False,True,0.8529750730945578,sandwich
311,1.0,standard_c5_source,True,0.0,True,False,True,0.8400360904379028,sandwich
311,1.0,standard_c5_source,True,0.01,True,False,True,0.8400360904379028,sandwich
311,1.0,standard_joint_shift,True,0.0,True,False,True,0.8529750730945578,sandwich
311,1.0,standard_joint_shift,True,0.01,True,False,True,0.8529750730945578,sandwich
311,1.0,standard_joint_source,True,0.0,True,False,True,0.8400360904379028,sandwich
311,1.0,standard_joint_source,True,0.01,True,False,True,0.8400360904379028,sandwich
312,1.0,auto_s_shift,True,0.0,False,False,False,,sandwich
312,1.0,auto_s_shift,True,0.01,False,False,False,,sandwich
312,1.0,auto_s_source,True,0.0,False,False,False,,sandwich
312,1.0,auto_s_source,True,0.01,False,False,False,,sandwich
312,1.0,combined_shift,True,0.0,True,False,True,0.84959174141677,sandwich
312,1.0,combined_shift,True,0.01,True,False,True,0.8561774652938503,sandwich
312,1.0,combined_source,True,0.0,True,False,True,0.84959174141677,sandwich
312,1.0,combined_source,True,0.01,True,False,True,0.84959174141677,sandwich
312,1.0,standard_c1_shift,True,0.0,False,False,False,,sandwich
312,1.0,standard_c1_shift,True,0.01,False,False,False,,sandwich
312,1.0,standard_c1_source,True,0.0,False,False,False,,sandwich
312,1.0,standard_c1_source,True,0.01,False,False,False,,sandwich
312,1.0,standard_c5_shift,True,0.0,True,False,True,0.84959174141677,sandwich
312,1.0,standard_c5_shift,True,0.01,True,False,True,0.8561774652938503,sandwich
312,1.0,standard_c5_source,True,0.0,True,False,True,0.84959174141677,sandwich
312,1.0,standard_c5_source,True,0.01,True,False,True,0.84959174141677,sandwich
312,1.0,standard_joint_shift,True,0.0,True,False,True,0.84959174141677,sandwich
312,1.0,standard_joint_shift,True,0.01,True,False,True,0.8561774652938503,sandwich
312,1.0,standard_joint_source,True,0.0,True,False,True,0.84959174141677,sandwich
312,1.0,standard_joint_source,True,0.01,True,False,True,0.84959174141677,sandwich
313,1.0,auto_s_shift,True,0.0,False,False,False,,sandwich
313,1.0,auto_s_shift,True,0.01,False,False,False,,sandwich
313,1.0,auto_s_source,True,0.0,False,False,False,,sandwich
313,1.0,auto_s_source,True,0.01,False,False,False,,sandwich
313,1.0,combined_shift,True,0.0,True,False,True,0.8277729626933805,sandwich
313,1.0,combined_shift,True,0.01,True,False,True,0.8414694819483421,sandwich
313,1.0,combined_source,True,0.0,True,False,True,0.8277729626933805,sandwich
313,1.0,combined_source,True,0.01,True,False,True,0.8277729626933805,sandwich
313,1.0,standard_c1_shift,True,0.0,False,False,False,,sandwich
313,1.0,standard_c1_shift,True,0.01,False,False,False,,sandwich
313,1.0,standard_c1_source,True,0.0,False,False,False,,sandwich
313,1.0,standard_c1_source,True,0.01,False,False,False,,sandwich
313,1.0,standard_c5_shift,True,0.0,True,False,True,0.8277729626933805,sandwich
313,1.0,standard_c5_shift,True,0.01,True,False,True,0.8414694819483421,sandwich
313,1.0,standard_c5_source,True,0.0,True,False,True,0.8277729626933805,sandwich
313,1.0,standard_c5_source,True,0.01,True,False,True,0.8277729626933805,sandwich
313,1.0,standard_joint_shift,True,0.0,True,False,True,0.8277729626933805,sandwich
313,1.0,standard_joint_shift,True,0.01,True,False,True,0.8414694819483421,sandwich
313,1.0,standard_joint_source,True,0.0,True,False,True,0.8277729626933805,sandwich
313,1.0,standard_joint_source,True,0.01,True,False,True,0.8277729626933805,sandwich
314,1.0,auto_s_shift,True,0.0,False,False,False,,sandwich
314,1.0,auto_s_shift,True,0.01,False,False,False,,sandwich
314,1.0,auto_s_source,True,0.0,False,False,False,,sandwich
314,1.0,auto_s_source,True,0.01,False,False,False,,sandwich
314,1.0,combined_shift,True,0.0,True,False,True,0.8397328391807934,sandwich
314,1.0,combined_shift,True,0.01,True,False,True,0.8546998788013377,sandwich
314,1.0,combined_source,True,0.0,True,False,True,0.8397328391807934,sandwich
314,1.0,combined_source,True,0.01,True,False,True,0.8397328391807934,sandwich
314,1.0,standard_c1_shift,True,0.0,False,False,False,,sandwich
314,1.0,standard_c1_shift,True,0.01,False,False,False,,sandwich
314,1.0,standard_c1_source,True,0.0,False,False,False,,sandwich
314,1.0,standard_c1_source,True,0.01,False,False,False,,sandwich
314,1.0,standard_c5_shift,True,0.0,True,False,True,0.8397328391807934,sandwich
314,1.0,standard_c5_shift,True,0.01,True,False,True,0.8546998788013377,sandwich
314,1.0,standard_c5_source,True,0.0,True,False,True,0.8397328391807934,sandwich
314,1.0,standard_c5_source,True,0.01,True,False,True,0.8397328391807934,sandwich
314,1.0,standard_joint_shift,True,0.0,True,False,True,0.8397328391807934,sandwich
314,1.0,standard_joint_shift,True,0.01,True,False,True,0.8546998788013377,sandwich
314,1.0,standard_joint_source,True,0.0,True,False,True,0.8397328391807934,sandwich
314,1.0,standard_joint_source,True,0.01,True,False,True,0.8397328391807934,sandwich
315,1.0,auto_s_shift,True,0.0,False,False,False,,sandwich
315,1.0,auto_s_shift,True,0.01,False,False,False,,sandwich
315,1.0,auto_s_source,True,0.0,False,False,False,,sandwich
315,1.0,auto_s_source,True,0.01,False,False,False,,sandwich
315,1.0,combined_shift,True,0.0,True,False,True,0.8320547922335932,sandwich
315,1.0,combined_shift,True,0.01,True,False,True,0.8320547922335932,sandwich
315,1.0,combined_source,True,0.0,True,False,True,0.8114315347501627,sandwich
315,1.0,combined_source,True,0.01,True,False,True,0.8320547922335932,sandwich
315,1.0,standard_c1_shift,True,0.0,False,False,False,,sandwich
315,1.0,standard_c1_shift,True,0.01,False,False,False,,sandwich
315,1.0,standard_c1_source,True,0.0,False,False,False,,sandwich
315,1.0,standard_c1_source,True,0.01,False,False,False,,sandwich
315,1.0,standard_c5_shift,True,0.0,True,False,True,0.8320547922335932,sandwich
315,1.0,standard_c5_shift,True,0.01,True,False,True,0.8320547922335932,sandwich
315,1.0,standard_c5_source,True,0.0,True,False,True,0.8114315347501627,sandwich
315,1.0,standard_c5_source,True,0.01,True,False,True,0.8320547922335932,sandwich
315,1.0,standard_joint_shift,True,0.0,True,False,True,0.8320547922335932,sandwich
315,1.0,standard_joint_shift,True,0.01,True,False,True,0.8320547922335932,sandwich
315,1.0,standard_joint_source,True,0.0,True,False,True,0.8114315347501627,sandwich
315,1.0,standard_joint_source,True,0.01,True,False,True,0.8320547922335932,sandwich
316,1.0,auto_s_shift,True,0.0,False,False,False,,sandwich
316,1.0,auto_s_shift,True,0.01,False,False,False,,sandwich
316,1.0,auto_s_source,True,0.0,False,False,False,,sandwich
316,1.0,auto_s_source,True,0.01,False,False,False,,sandwich
316,1.0,combined_shift,True,0.0,True,False,True,0.8543578075930218,sandwich
316,1.0,combined_shift,True,0.01,True,False,True,0.8543578075930218,sandwich
316,1.0,combined_source,True,0.0,True,False,True,0.8438625265130962,sandwich
316,1.0,combined_source,True,0.01,True,False,True,0.8543578075930218,sandwich
316,1.0,standard_c1_shift,True,0.0,False,False,False,,sandwich
316,1.0,standard_c1_shift,True,0.01,False,False,False,,sandwich
316,1.0,standard_c1_source,True,0.0,False,False,False,,sandwich
316,1.0,standard_c1_source,True,0.01,False,False,False,,sandwich
316,1.0,standard_c5_shift,True,0.0,True,False,True,0.8543578075930218,sandwich
316,1.0,standard_c5_shift,True,0.01,True,False,True,0.8543578075930218,sandwich
316,1.0,standard_c5_source,True,0.0,True,False,True,0.8438625265130962,sandwich
316,1.0,standard_c5_source,True,0.01,True,False,True,0.8543578075930218,sandwich
316,1.0,standard_joint_shift,True,0.0,True,False,True,0.8543578075930218,sandwich
316,1.0,standard_joint_shift,True,0.01,True,False,True,0.8543578075930218,sandwich
316,1.0,standard_joint_source,True,0.0,True,False,True,0.8438625265130962,sandwich
316,1.0,standard_joint_source,True,0.01,True,False,True,0.8543578075930218,sandwich
317,1.0,auto_s_shift,True,0.0,False,False,False,,sandwich
317,1.0,auto_s_shift,True,0.01,False,False,False,,sandwich
317,1.0,auto_s_source,True,0.0,False,False,False,,sandwich
317,1.0,auto_s_source,True,0.01,False,False,False,,sandwich
317,1.0,combined_shift,True,0.0,True,False,True,0.8528530919276663,sandwich
317,1.0,combined_shift,True,0.01,True,False,True,0.8528530919276663,sandwich
317,1.0,combined_source,True,0.0,True,False,True,0.8396951282746946,sandwich
317,1.0,combined_source,True,0.01,True,False,True,0.8396951282746946,sandwich
317,1.0,standard_c1_shift,True,0.0,False,False,False,,sandwich
317,1.0,standard_c1_shift,True,0.01,False,False,False,,sandwich
317,1.0,standard_c1_source,True,0.0,False,False,False,,sandwich
317,1.0,standard_c1_source,True,0.01,False,False,False,,sandwich
317,1.0,standard_c5_shift,True,0.0,True,False,True,0.8528530919276663,sandwich
317,1.0,standard_c5_shift,True,0.01,True,False,True,0.8528530919276663,sandwich
317,1.0,standard_c5_source,True,0.0,True,False,True,0.8396951282746946,sandwich
317,1.0,standard_c5_source,True,0.01,True,False,True,0.8396951282746946,sandwich
317,1.0,standard_joint_shift,True,0.0,True,False,True,0.8528530919276663,sandwich
317,1.0,standard_joint_shift,True,0.01,True,False,True,0.8528530919276663,sandwich
317,1.0,standard_joint_source,True,0.0,True,False,True,0.8396951282746946,sandwich
317,1.0,standard_joint_source,True,0.01,True,False,True,0.8396951282746946,sandwich
318,1.0,auto_s_shift,True,0.0,False,False,False,,sandwich
318,1.0,auto_s_shift,True,0.01,False,False,False,,sandwich
318,1.0,auto_s_source,True,0.0,False,False,False,,sandwich
318,1.0,auto_s_source,True,0.01,False,False,False,,sandwich
318,1.0,combined_shift,True,0.0,True,False,True,0.8519410633669782,sandwich
318,1.0,combined_shift,True,0.01,True,False,True,0.8519410633669782,sandwich
318,1.0,combined_source,True,0.0,True,False,True,0.8301843031988523,sandwich
318,1.0,combined_source,True,0.01,True,False,True,0.8519410633669782,sandwich
318,1.0,standard_c1_shift,True,0.0,False,False,False,,sandwich
318,1.0,standard_c1_shift,True,0.01,False,False,False,,sandwich
318,1.0,standard_c1_source,True,0.0,False,False,False,,sandwich
318,1.0,standard_c1_source,True,0.01,False,False,False,,sandwich
318,1.0,standard_c5_shift,True,0.0,True,False,True,0.8519410633669782,sandwich
318,1.0,standard_c5_shift,True,0.01,True,False,True,0.8519410633669782,sandwich
318,1.0,standard_c5_source,True,0.0,True,False,True,0.8301843031988523,sandwich
318,1.0,standard_c5_source,True,0.01,True,False,True,0.8519410633669782,sandwich
318,1.0,standard_joint_shift,True,0.0,True,False,True,0.8519410633669782,sandwich
318,1.0,standard_joint_shift,True,0.01,True,False,True,0.8519410633669782,sandwich
318,1.0,standard_joint_source,True,0.0,True,False,True,0.8301843031988523,sandwich
318,1.0,standard_joint_source,True,0.01,True,False,True,0.8519410633669782,sandwich
319,1.0,auto_s_shift,True,0.0,False,False,False,,sandwich
319,1.0,auto_s_shift,True,0.01,False,False,False,,sandwich
319,1.0,auto_s_source,True,0.0,False,False,False,,sandwich
319,1.0,auto_s_source,True,0.01,False,False,False,,sandwich
319,1.0,combined_shift,True,0.0,True,False,True,0.8194583104544169,sandwich
319,1.0,combined_shift,True,0.01,True,False,True,0.8308072929666052,sandwich
319,1.0,combined_source,True,0.0,True,False,True,0.8194583104544169,sandwich
319,1.0,combined_source,True,0.01,True,False,True,0.8308072929666052,sandwich
319,1.0,standard_c1_shift,True,0.0,False,False,False,,sandwich
319,1.0,standard_c1_shift,True,0.01,False,False,False,,sandwich
319,1.0,standard_c1_source,True,0.0,False,False,False,,sandwich
319,1.0,standard_c1_source,True,0.01,False,False,False,,sandwich
319,1.0,standard_c5_shift,True,0.0,True,False,True,0.8194583104544169,sandwich
319,1.0,standard_c5_shift,True,0.01,True,False,True,0.8308072929666052,sandwich
319,1.0,standard_c5_source,True,0.0,True,False,True,0.8194583104544169,sandwich
319,1.0,standard_c5_source,True,0.01,True,False,True,0.8308072929666052,sandwich
319,1.0,standard_joint_shift,True,0.0,True,False,True,0.8194583104544169,sandwich
319,1.0,standard_joint_shift,True,0.01,True,False,True,0.8308072929666052,sandwich
319,1.0,standard_joint_source,True,0.0,True,False,True,0.8194583104544169,sandwich
319,1.0,standard_joint_source,True,0.01,True,False,True,0.8308072929666052,sandwich
