policy,uncertainty_bounds,safety_margin,n_cases,coverage,successful_yield,failed_yield,conditional_failure,selected_worst_auc,bound_rule
auto_s_shift,True,0.0,20,0.0,0.0,0.0,,,concentration
auto_s_shift,True,0.01,20,0.0,0.0,0.0,,,concentration
auto_s_source,True,0.0,20,0.0,0.0,0.0,,,concentration
auto_s_source,True,0.01,20,0.0,0.0,0.0,,,concentration
combined_shift,True,0.0,20,0.0,0.0,0.0,,,concentration
combined_shift,True,0.01,20,0.0,0.0,0.0,,,concentration
combined_source,True,0.0,20,0.0,0.0,0.0,,,concentration
combined_source,True,0.01,20,0.0,0.0,0.0,,,concentration
standard_c1_shift,True,0.0,20,0.0,0.0,0.0,,,concentration
standard_c1_shift,True,0.01,20,0.0,0.0,0.0,,,concentration
standard_c1_source,True,0.0,20,0.0,0.0,0.0,,,concentration
standard_c1_source,True,0.01,20,0.0,0.0,0.0,,,concentration
standard_c5_shift,True,0.0,20,0.0,0.0,0.0,,,concentration
standard_c5_shift,True,0.01,20,0.0,0.0,0.0,,,concentration
standard_c5_source,True,0.0,20,0.0,0.0,0.0,,,concentration
standard_c5_source,True,0.01,20,0.0,0.0,0.0,,,concentration
standard_joint_shift,True,0.0,20,0.0,0.0,0.0,,,concentration
standard_joint_shift,True,0.01,20,0.0,0.0,0.0,,,concentration
standard_joint_source,True,0.0,20,0.0,0.0,0.0,,,concentration
standard_joint_source,True,0.01,20,0.0,0.0,0.0,,,concentration
auto_s_shift,False,0.0,20,0.1,0.1,0.0,0.0,0.8236393690165207,point
auto_s_shift,False,0.01,20,0.0,0.0,0.0,,,point
auto_s_source,False,0.0,20,0.5,0.25,0.25,0.5,0.8207456480465254,point
auto_s_source,False,0.01,20,0.0,0.0,0.0,,,point
combined_shift,False,0.0,20,1.0,1.0,0.0,0.0,0.8335976700613547,point
combined_shift,False,0.01,20,1.0,1.0,0.0,0.0,0.8394169246040383,point
combined_source,False,0.0,20,1.0,0.95,0.05,0.05,0.8325400271881005,point
combined_source,False,0.01,20,1.0,0.95,0.05,0.05,0.8333591592755255,point
standard_c1_shift,False,0.0,20,0.8,0.7,0.1,0.125,0.8241508197013185,point
standard_c1_shift,False,0.01,20,0.0,0.0,0.0,,,point
standard_c1_source,False,0.0,20,1.0,0.9,0.1,0.1,0.8239544168110322,point
standard_c1_source,False,0.01,20,0.05,0.05,0.0,0.0,0.8268150166888636,point
standard_c5_shift,False,0.0,20,1.0,1.0,0.0,0.0,0.8338650777794754,point
standard_c5_shift,False,0.01,20,1.0,1.0,0.0,0.0,0.8394169246040383,point
standard_c5_source,False,0.0,20,1.0,0.95,0.05,0.05,0.8325400271881005,point
standard_c5_source,False,0.01,20,1.0,0.95,0.05,0.05,0.8333591592755255,point
standard_joint_shift,False,0.0,20,1.0,1.0,0.0,0.0,0.8335976700613547,point
standard_joint_shift,False,0.01,20,1.0,1.0,0.0,0.0,0.8394169246040383,point
standard_joint_source,False,0.0,20,1.0,0.95,0.05,0.05,0.8325400271881005,point
standard_joint_source,False,0.01,20,1.0,0.95,0.05,0.05,0.8333591592755255,point
auto_s_shift,True,0.0,20,0.0,0.0,0.0,,,sandwich
auto_s_shift,True,0.01,20,0.0,0.0,0.0,,,sandwich
auto_s_source,True,0.0,20,0.0,0.0,0.0,,,sandwich
auto_s_source,True,0.01,20,0.0,0.0,0.0,,,sandwich
combined_shift,True,0.0,20,1.0,1.0,0.0,0.0,0.8399416886580345,sandwich
combined_shift,True,0.01,20,1.0,1.0,0.0,0.0,0.8457634502446197,sandwich
combined_source,True,0.0,20,1.0,0.95,0.05,0.05,0.8333591592755255,sandwich
combined_source,True,0.01,20,1.0,1.0,0.0,0.0,0.8396111246569484,sandwich
standard_c1_shift,True,0.0,20,0.0,0.0,0.0,,,sandwich
standard_c1_shift,True,0.01,20,0.0,0.0,0.0,,,sandwich
standard_c1_source,True,0.0,20,0.0,0.0,0.0,,,sandwich
standard_c1_source,True,0.01,20,0.0,0.0,0.0,,,sandwich
standard_c5_shift,True,0.0,20,1.0,1.0,0.0,0.0,0.8399416886580345,sandwich
standard_c5_shift,True,0.01,20,1.0,1.0,0.0,0.0,0.8457634502446197,sandwich
standard_c5_source,True,0.0,20,1.0,0.95,0.05,0.05,0.8333591592755255,sandwich
standard_c5_source,True,0.01,20,1.0,1.0,0.0,0.0,0.8396111246569484,sandwich
standard_joint_shift,True,0.0,20,1.0,1.0,0.0,0.0,0.8399416886580345,sandwich
standard_joint_shift,True,0.01,20,1.0,1.0,0.0,0.0,0.8457634502446197,sandwich
standard_joint_source,True,0.0,20,1.0,0.95,0.05,0.05,0.8333591592755255,sandwich
standard_joint_source,True,0.01,20,1.0,1.0,0.0,0.0,0.8396111246569484,sandwich
