task,model,epsilon,metric,mean_over_seeds
high_cost,dpsgd,0.4926042171759174,fpr_group_female,0.0891245330399839
high_cost,dpsgd,0.4926042171759174,fpr_group_male,0.07387839709118091
high_cost,dpsgd,0.4926042171759174,group_size_female,130.4
high_cost,dpsgd,0.4926042171759174,group_size_male,137.6
high_cost,dpsgd,0.4926042171759174,tpr_group_female,0.8798212042920814
high_cost,dpsgd,0.4926042171759174,tpr_group_male,0.8422938188237215
high_cost,dpsgd,1.997936521203301,fpr_group_female,0.043487916776248456
high_cost,dpsgd,1.997936521203301,fpr_group_male,0.042450820836018435
high_cost,dpsgd,1.997936521203301,group_size_female,130.4
high_cost,dpsgd,1.997936521203301,group_size_male,137.6
high_cost,dpsgd,1.997936521203301,tpr_group_female,0.8715497648618042
high_cost,dpsgd,1.997936521203301,tpr_group_male,0.8629333716808114
high_cost,dpsgd,5.996399562124039,fpr_group_female,0.046269834312264356
high_cost,dpsgd,5.996399562124039,fpr_group_male,0.042768281153478735
high_cost,dpsgd,5.996399562124039,group_size_female,130.4
high_cost,dpsgd,5.996399562124039,group_size_male,137.6
high_cost,dpsgd,5.996399562124039,tpr_group_female,0.8847226117517565
high_cost,dpsgd,5.996399562124039,tpr_group_male,0.8555036061827849
high_cost,dummy,inf,fpr_group_female,1.0
high_cost,dummy,inf,fpr_group_male,1.0
high_cost,dummy,inf,group_size_female,130.4
high_cost,dummy,inf,group_size_male,137.6
high_cost,dummy,inf,tpr_group_female,1.0
high_cost,dummy,inf,tpr_group_male,1.0
high_cost,gradient_boosting,inf,fpr_group_female,0.01243972999035678
high_cost,gradient_boosting,inf,fpr_group_male,0.01483390919892178
high_cost,gradient_boosting,inf,group_size_female,130.4
high_cost,gradient_boosting,inf,group_size_male,137.6
high_cost,gradient_boosting,inf,tpr_group_female,0.8999820169492422
high_cost,gradient_boosting,inf,tpr_group_male,0.8624847176429251
high_cost,logistic,inf,fpr_group_female,0.04277026692229406
high_cost,logistic,inf,fpr_group_male,0.037069214310593554
high_cost,logistic,inf,group_size_female,130.4
high_cost,logistic,inf,group_size_male,137.6
high_cost,logistic,inf,tpr_group_female,0.8907887882223446
high_cost,logistic,inf,tpr_group_male,0.8526760838428327
high_cost,neural,inf,fpr_group_female,0.01219134449606964
high_cost,neural,inf,fpr_group_male,0.00561362756484706
high_cost,neural,inf,group_size_female,130.4
high_cost,neural,inf,group_size_male,137.6
high_cost,neural,inf,tpr_group_female,0.9244466712320077
high_cost,neural,inf,tpr_group_male,0.8825425754637166
high_cost,svm,inf,fpr_group_female,0.02480932760585602
high_cost,svm,inf,fpr_group_male,0.0342120714534507
high_cost,svm,inf,group_size_female,130.4
high_cost,svm,inf,group_size_male,137.6
high_cost,svm,inf,tpr_group_female,0.8955218776303566
high_cost,svm,inf,tpr_group_male,0.8573760998343788
smoker_with_charges_legacy,dpsgd,0.4926042171759174,fpr_group_female,0.052377782971304174
smoker_with_charges_legacy,dpsgd,0.4926042171759174,fpr_group_male,0.04934288329456454
smoker_with_charges_legacy,dpsgd,0.4926042171759174,group_size_female,133.0
smoker_with_charges_legacy,dpsgd,0.4926042171759174,group_size_male,135.0
smoker_with_charges_legacy,dpsgd,0.4926042171759174,tpr_group_female,0.8532424242424244
smoker_with_charges_legacy,dpsgd,0.4926042171759174,tpr_group_male,0.9268817204301076
smoker_with_charges_legacy,dpsgd,1.997936521203301,fpr_group_female,0.04220893354662892
smoker_with_charges_legacy,dpsgd,1.997936521203301,fpr_group_male,0.041981076716263145
smoker_with_charges_legacy,dpsgd,1.997936521203301,group_size_female,133.0
smoker_with_charges_legacy,dpsgd,1.997936521203301,group_size_male,135.0
smoker_with_charges_legacy,dpsgd,1.997936521203301,tpr_group_female,0.992
smoker_with_charges_legacy,dpsgd,1.997936521203301,tpr_group_male,0.9933333333333334
smoker_with_charges_legacy,dpsgd,5.996399562124039,fpr_group_female,0.04372215271515344
smoker_with_charges_legacy,dpsgd,5.996399562124039,fpr_group_male,0.04040964814483456
smoker_with_charges_legacy,dpsgd,5.996399562124039,group_size_female,133.0
smoker_with_charges_legacy,dpsgd,5.996399562124039,group_size_male,135.0
smoker_with_charges_legacy,dpsgd,5.996399562124039,tpr_group_female,0.984
smoker_with_charges_legacy,dpsgd,5.996399562124039,tpr_group_male,0.9933333333333334
smoker_with_charges_legacy,dummy,inf,fpr_group_female,1.0
smoker_with_charges_legacy,dummy,inf,fpr_group_male,1.0
smoker_with_charges_legacy,dummy,inf,group_size_female,133.0
smoker_with_charges_legacy,dummy,inf,group_size_male,135.0
smoker_with_charges_legacy,dummy,inf,tpr_group_female,1.0
smoker_with_charges_legacy,dummy,inf,tpr_group_male,1.0
smoker_with_charges_legacy,gradient_boosting,inf,fpr_group_female,0.03808588298522924
smoker_with_charges_legacy,gradient_boosting,inf,fpr_group_male,0.025192919310512478
smoker_with_charges_legacy,gradient_boosting,inf,group_size_female,133.0
smoker_with_charges_legacy,gradient_boosting,inf,group_size_male,135.0
smoker_with_charges_legacy,gradient_boosting,inf,tpr_group_female,0.9436666666666668
smoker_with_charges_legacy,gradient_boosting,inf,tpr_group_male,0.9670967741935484
smoker_with_charges_legacy,logistic,inf,fpr_group_female,0.03647862600260018
smoker_with_charges_legacy,logistic,inf,fpr_group_male,0.03087160199854096
smoker_with_charges_legacy,logistic,inf,group_size_female,133.0
smoker_with_charges_legacy,logistic,inf,group_size_male,135.0
smoker_with_charges_legacy,logistic,inf,tpr_group_female,0.992
smoker_with_charges_legacy,logistic,inf,tpr_group_male,1.0
smoker_with_charges_legacy,neural,inf,fpr_group_female,0.03833047785445202
smoker_with_charges_legacy,neural,inf,fpr_group_male,0.03293345766864406
smoker_with_charges_legacy,neural,inf,group_size_female,133.0
smoker_with_charges_legacy,neural,inf,group_size_male,135.0
smoker_with_charges_legacy,neural,inf,tpr_group_female,0.984
smoker_with_charges_legacy,neural,inf,tpr_group_male,0.9933333333333334
smoker_with_charges_legacy,svm,inf,fpr_group_female,0.036443685401621816
smoker_with_charges_legacy,svm,inf,fpr_group_male,0.040566741910175716
smoker_with_charges_legacy,svm,inf,group_size_female,133.0
smoker_with_charges_legacy,svm,inf,group_size_male,135.0
smoker_with_charges_legacy,svm,inf,tpr_group_female,0.974909090909091
smoker_with_charges_legacy,svm,inf,tpr_group_male,0.9802150537634409
smoker_without_charges,dpsgd,0.4926042171759174,fpr_group_female,0.9349158441061796
smoker_without_charges,dpsgd,0.4926042171759174,fpr_group_male,0.9622143315944742
smoker_without_charges,dpsgd,0.4926042171759174,group_size_female,133.0
smoker_without_charges,dpsgd,0.4926042171759174,group_size_male,135.0
smoker_without_charges,dpsgd,0.4926042171759174,tpr_group_female,0.9294545454545455
smoker_without_charges,dpsgd,0.4926042171759174,tpr_group_male,0.9677028347996088
smoker_without_charges,dpsgd,1.997936521203301,fpr_group_female,0.8569974970677784
smoker_without_charges,dpsgd,1.997936521203301,fpr_group_male,0.9819050073637703
smoker_without_charges,dpsgd,1.997936521203301,group_size_female,133.0
smoker_without_charges,dpsgd,1.997936521203301,group_size_male,135.0
smoker_without_charges,dpsgd,1.997936521203301,tpr_group_female,0.8527272727272728
smoker_without_charges,dpsgd,1.997936521203301,tpr_group_male,1.0
smoker_without_charges,dpsgd,5.996399562124039,fpr_group_female,0.7924279644758483
smoker_without_charges,dpsgd,5.996399562124039,fpr_group_male,0.9959381443298969
smoker_without_charges,dpsgd,5.996399562124039,group_size_female,133.0
smoker_without_charges,dpsgd,5.996399562124039,group_size_male,135.0
smoker_without_charges,dpsgd,5.996399562124039,tpr_group_female,0.7796363636363637
smoker_without_charges,dpsgd,5.996399562124039,tpr_group_male,1.0
smoker_without_charges,dummy,inf,fpr_group_female,1.0
smoker_without_charges,dummy,inf,fpr_group_male,1.0
smoker_without_charges,dummy,inf,group_size_female,133.0
smoker_without_charges,dummy,inf,group_size_male,135.0
smoker_without_charges,dummy,inf,tpr_group_female,1.0
smoker_without_charges,dummy,inf,tpr_group_male,1.0
smoker_without_charges,gradient_boosting,inf,fpr_group_female,0.7505456864934617
smoker_without_charges,gradient_boosting,inf,fpr_group_male,0.8827152170821118
smoker_without_charges,gradient_boosting,inf,group_size_female,133.0
smoker_without_charges,gradient_boosting,inf,group_size_male,135.0
smoker_without_charges,gradient_boosting,inf,tpr_group_female,0.794060606060606
smoker_without_charges,gradient_boosting,inf,tpr_group_male,0.8960117302052787
smoker_without_charges,logistic,inf,fpr_group_female,0.4465500563736626
smoker_without_charges,logistic,inf,fpr_group_male,0.9595914828018113
smoker_without_charges,logistic,inf,group_size_female,133.0
smoker_without_charges,logistic,inf,group_size_male,135.0
smoker_without_charges,logistic,inf,tpr_group_female,0.4916363636363636
smoker_without_charges,logistic,inf,tpr_group_male,0.9624242424242425
smoker_without_charges,neural,inf,fpr_group_female,0.6104530121542391
smoker_without_charges,neural,inf,fpr_group_male,0.9021416642579568
smoker_without_charges,neural,inf,group_size_female,133.0
smoker_without_charges,neural,inf,group_size_male,135.0
smoker_without_charges,neural,inf,tpr_group_female,0.6001515151515151
smoker_without_charges,neural,inf,tpr_group_male,0.9270967741935484
smoker_without_charges,svm,inf,fpr_group_female,0.9020066425030236
smoker_without_charges,svm,inf,fpr_group_male,0.9197465555448503
smoker_without_charges,svm,inf,group_size_female,133.0
smoker_without_charges,svm,inf,group_size_male,135.0
smoker_without_charges,svm,inf,tpr_group_female,0.9436666666666668
smoker_without_charges,svm,inf,tpr_group_male,0.8638514173998045
