task,model,privacy_mechanism,epsilon,delta,metric,mean,std,ci_lower,ci_upper,n_runs,method
high_cost,dpsgd,dpsgd,0.4926042171759174,1e-05,accuracy,0.8917910447761195,0.030542361089076302,0.8538676945916739,0.9297143949605651,5,repeated_seed_t
high_cost,dpsgd,dpsgd,0.4926042171759174,1e-05,achieved_epsilon,0.4926042171759174,0.0,0.4926042171759174,0.4926042171759174,5,repeated_seed_t
high_cost,dpsgd,dpsgd,0.4926042171759174,1e-05,brier,0.08728487938642501,0.018277011436053255,0.06459097229151921,0.10997878648133082,5,repeated_seed_t
high_cost,dpsgd,dpsgd,0.4926042171759174,1e-05,demographic_parity_difference,0.04759322670499409,0.07489934869614921,-0.04540659805992442,0.1405930514699126,5,repeated_seed_t
high_cost,dpsgd,dpsgd,0.4926042171759174,1e-05,ece,0.07171292692282126,0.007395330196425153,0.06253041166309098,0.08089544218255154,5,repeated_seed_t
high_cost,dpsgd,dpsgd,0.4926042171759174,1e-05,equalized_odds_difference,0.10188502448238454,0.05159894358553629,0.03781647388687709,0.165953575077892,5,repeated_seed_t
high_cost,dpsgd,dpsgd,0.4926042171759174,1e-05,f1,0.8883062438854983,0.025046879952900086,0.8572064347806506,0.919406052990346,5,repeated_seed_t
high_cost,dpsgd,dpsgd,0.4926042171759174,1e-05,fpr_group_female,0.08912453303998394,0.11060592784818367,-0.04821086555702886,0.22645993163699674,5,repeated_seed_t
high_cost,dpsgd,dpsgd,0.4926042171759174,1e-05,fpr_group_male,0.07387839709118094,0.0480468995878765,0.014220291647603411,0.13353650253475846,5,repeated_seed_t
high_cost,dpsgd,dpsgd,0.4926042171759174,1e-05,group_size_female,130.4,7.602631123499284,120.96008664232751,139.83991335767251,5,repeated_seed_t
high_cost,dpsgd,dpsgd,0.4926042171759174,1e-05,group_size_male,137.6,7.602631123499284,128.16008664232749,147.0399133576725,5,repeated_seed_t
high_cost,dpsgd,dpsgd,0.4926042171759174,1e-05,macro_f1,0.8910082096510035,0.030233659470383055,0.8534681631526766,0.9285482561493303,5,repeated_seed_t
high_cost,dpsgd,dpsgd,0.4926042171759174,1e-05,mia_loss_threshold_auc,0.49185555865532155,0.016473479893003858,0.47140103174704506,0.512310085563598,5,repeated_seed_t
high_cost,dpsgd,dpsgd,0.4926042171759174,1e-05,mia_tpr_at_fpr_0.01,0.009579439252336449,0.0029088550462590497,0.005967618665403242,0.013191259839269656,5,repeated_seed_t
high_cost,dpsgd,dpsgd,0.4926042171759174,1e-05,noise_multiplier,11.5625,0.0,11.5625,11.5625,5,repeated_seed_t
high_cost,dpsgd,dpsgd,0.4926042171759174,1e-05,pr_auc,0.9522593418237502,0.016954601318274733,0.9312074237629503,0.97331125988455,5,repeated_seed_t
high_cost,dpsgd,dpsgd,0.4926042171759174,1e-05,precision,0.9198043130534452,0.05590008003013705,0.8503951961833148,0.9892134299235756,5,repeated_seed_t
high_cost,dpsgd,dpsgd,0.4926042171759174,1e-05,recall,0.8608367560098404,0.02595333068606468,0.828611439663477,0.8930620723562039,5,repeated_seed_t
high_cost,dpsgd,dpsgd,0.4926042171759174,1e-05,roc_auc,0.93347376519005,0.0193225297012886,0.909481675705737,0.957465854674363,5,repeated_seed_t
high_cost,dpsgd,dpsgd,0.4926042171759174,1e-05,threshold,0.47735019937232526,0.17224896675647092,0.26347485862301834,0.6912255401216322,5,repeated_seed_t
high_cost,dpsgd,dpsgd,0.4926042171759174,1e-05,tpr_group_female,0.8798212042920813,0.06048970930729762,0.8047133099833987,0.9549290986007639,5,repeated_seed_t
high_cost,dpsgd,dpsgd,0.4926042171759174,1e-05,tpr_group_male,0.8422938188237215,0.046532669933474324,0.7845158778270276,0.9000717598204153,5,repeated_seed_t
high_cost,dpsgd,dpsgd,1.9979365212033011,1e-05,accuracy,0.914179104477612,0.025169286498567256,0.8829273075718649,0.9454309013833591,5,repeated_seed_t
high_cost,dpsgd,dpsgd,1.9979365212033011,1e-05,achieved_epsilon,1.997936521203301,2.482534153247273e-16,1.9979365212033007,1.9979365212033011,5,repeated_seed_t
high_cost,dpsgd,dpsgd,1.9979365212033011,1e-05,brier,0.07096639797091484,0.016515407452117964,0.0504598111219538,0.09147298481987587,5,repeated_seed_t
high_cost,dpsgd,dpsgd,1.9979365212033011,1e-05,demographic_parity_difference,0.04736166708217905,0.030766833193926233,0.009159597966540318,0.08556373619781779,5,repeated_seed_t
high_cost,dpsgd,dpsgd,1.9979365212033011,1e-05,ece,0.07932562768635679,0.02021005459228422,0.05423153049738482,0.10441972487532875,5,repeated_seed_t
high_cost,dpsgd,dpsgd,1.9979365212033011,1e-05,equalized_odds_difference,0.10036838256502723,0.06878774739860313,0.014957113102647093,0.18577965202740737,5,repeated_seed_t
high_cost,dpsgd,dpsgd,1.9979365212033011,1e-05,f1,0.909701766722592,0.023590369112537552,0.880410454691216,0.9389930787539679,5,repeated_seed_t
high_cost,dpsgd,dpsgd,1.9979365212033011,1e-05,fpr_group_female,0.043487916776248504,0.04841625129842042,-0.016628799388986384,0.1036046329414834,5,repeated_seed_t
high_cost,dpsgd,dpsgd,1.9979365212033011,1e-05,fpr_group_male,0.042450820836018484,0.04346484829965433,-0.011517916485050385,0.09641955815708736,5,repeated_seed_t
high_cost,dpsgd,dpsgd,1.9979365212033011,1e-05,group_size_female,130.4,7.602631123499284,120.96008664232751,139.83991335767251,5,repeated_seed_t
high_cost,dpsgd,dpsgd,1.9979365212033011,1e-05,group_size_male,137.6,7.602631123499284,128.16008664232749,147.0399133576725,5,repeated_seed_t
high_cost,dpsgd,dpsgd,1.9979365212033011,1e-05,macro_f1,0.9134746948271601,0.025026934516311307,0.8823996512528532,0.944549738401467,5,repeated_seed_t
high_cost,dpsgd,dpsgd,1.9979365212033011,1e-05,mia_loss_threshold_auc,0.4890278455851583,0.0186369878861417,0.4658869686919765,0.5121687224783401,5,repeated_seed_t
high_cost,dpsgd,dpsgd,1.9979365212033011,1e-05,mia_tpr_at_fpr_0.01,0.010514018691588784,0.0077930280748401476,0.0008376962940685843,0.020190341089108985,5,repeated_seed_t
high_cost,dpsgd,dpsgd,1.9979365212033011,1e-05,noise_multiplier,3.37890625,0.0,3.37890625,3.37890625,5,repeated_seed_t
high_cost,dpsgd,dpsgd,1.9979365212033011,1e-05,pr_auc,0.9635930877370852,0.010103006969853843,0.9510485477090159,0.9761376277651544,5,repeated_seed_t
high_cost,dpsgd,dpsgd,1.9979365212033011,1e-05,precision,0.9566515151515151,0.03984122675633837,0.9071820982438973,1.006120932059133,5,repeated_seed_t
high_cost,dpsgd,dpsgd,1.9979365212033011,1e-05,recall,0.8682741600854698,0.03145640490224176,0.8292158746054358,0.9073324455655037,5,repeated_seed_t
high_cost,dpsgd,dpsgd,1.9979365212033011,1e-05,roc_auc,0.9437979267032677,0.013378662596389888,0.927186123013215,0.9604097303933203,5,repeated_seed_t
high_cost,dpsgd,dpsgd,1.9979365212033011,1e-05,threshold,0.6195875654268506,0.1303745535449145,0.45770617600824126,0.7814689548454599,5,repeated_seed_t
high_cost,dpsgd,dpsgd,1.9979365212033011,1e-05,tpr_group_female,0.8715497648618044,0.09047215001541918,0.7592137533475682,0.9838857763760405,5,repeated_seed_t
high_cost,dpsgd,dpsgd,1.9979365212033011,1e-05,tpr_group_male,0.8629333716808114,0.052299544036983225,0.797994910727617,0.9278718326340059,5,repeated_seed_t
high_cost,dpsgd,dpsgd,5.996399562124039,1e-05,accuracy,0.9149253731343283,0.020163068785233274,0.889889616530398,0.9399611297382586,5,repeated_seed_t
high_cost,dpsgd,dpsgd,5.996399562124039,1e-05,achieved_epsilon,5.996399562124039,0.0,5.996399562124039,5.996399562124039,5,repeated_seed_t
high_cost,dpsgd,dpsgd,5.996399562124039,1e-05,brier,0.06962718293070794,0.015800737599757683,0.05000797590802426,0.08924638995339161,5,repeated_seed_t
high_cost,dpsgd,dpsgd,5.996399562124039,1e-05,demographic_parity_difference,0.05121195139640311,0.03207657282984031,0.01138362572782936,0.09104027706497686,5,repeated_seed_t
high_cost,dpsgd,dpsgd,5.996399562124039,1e-05,ece,0.0752572976230859,0.016411007430571212,0.05488034052229117,0.09563425472388064,5,repeated_seed_t
high_cost,dpsgd,dpsgd,5.996399562124039,1e-05,equalized_odds_difference,0.0976138733354025,0.050937147987700916,0.03436705050789697,0.16086069616290805,5,repeated_seed_t
high_cost,dpsgd,dpsgd,5.996399562124039,1e-05,f1,0.9107470299084011,0.01678578864736122,0.8899047204635152,0.9315893393532869,5,repeated_seed_t
high_cost,dpsgd,dpsgd,5.996399562124039,1e-05,fpr_group_female,0.046269834312264405,0.057130387635473664,-0.02466691121812871,0.11720657984265752,5,repeated_seed_t
high_cost,dpsgd,dpsgd,5.996399562124039,1e-05,fpr_group_male,0.0427682811534788,0.03819922012953594,-0.004662315240826498,0.09019887754778409,5,repeated_seed_t
high_cost,dpsgd,dpsgd,5.996399562124039,1e-05,group_size_female,130.4,7.602631123499284,120.96008664232751,139.83991335767251,5,repeated_seed_t
high_cost,dpsgd,dpsgd,5.996399562124039,1e-05,group_size_male,137.6,7.602631123499284,128.16008664232749,147.0399133576725,5,repeated_seed_t
high_cost,dpsgd,dpsgd,5.996399562124039,1e-05,macro_f1,0.9141968836591046,0.01999280357497137,0.8893725392369031,0.9390212280813061,5,repeated_seed_t
high_cost,dpsgd,dpsgd,5.996399562124039,1e-05,mia_loss_threshold_auc,0.4885954282326684,0.019188468189870824,0.46476979810062763,0.5124210583647091,5,repeated_seed_t
high_cost,dpsgd,dpsgd,5.996399562124039,1e-05,mia_tpr_at_fpr_0.01,0.010046728971962616,0.007862765733861606,0.0002838158339164617,0.01980964211000877,5,repeated_seed_t
high_cost,dpsgd,dpsgd,5.996399562124039,1e-05,noise_multiplier,1.483154296875,0.0,1.483154296875,1.483154296875,5,repeated_seed_t
high_cost,dpsgd,dpsgd,5.996399562124039,1e-05,pr_auc,0.9644277044071025,0.009542153492934139,0.9525795559495919,0.976275852864613,5,repeated_seed_t
high_cost,dpsgd,dpsgd,5.996399562124039,1e-05,precision,0.9557030732145307,0.03894923646890855,0.9073412085335619,1.0040649378954996,5,repeated_seed_t
high_cost,dpsgd,dpsgd,5.996399562124039,1e-05,recall,0.8710966769202451,0.026486115306828678,0.8382098210914822,0.9039835327490079,5,repeated_seed_t
high_cost,dpsgd,dpsgd,5.996399562124039,1e-05,roc_auc,0.9447955483145082,0.013163431396314563,0.9284509894568793,0.961140107172137,5,repeated_seed_t
high_cost,dpsgd,dpsgd,5.996399562124039,1e-05,threshold,0.6221955373359089,0.14468854883434845,0.44254097529595127,0.8018500993758666,5,repeated_seed_t
high_cost,dpsgd,dpsgd,5.996399562124039,1e-05,tpr_group_female,0.8847226117517565,0.07694162338413553,0.7891869680323226,0.9802582554711904,5,repeated_seed_t
high_cost,dpsgd,dpsgd,5.996399562124039,1e-05,tpr_group_male,0.8555036061827849,0.04865144140834629,0.7950948629253215,0.9159123494402482,5,repeated_seed_t
high_cost,dummy,none,inf,,accuracy,0.4955223880597016,0.03372688518948259,0.45364492894836933,0.5373998471710338,5,repeated_seed_t
high_cost,dummy,none,inf,,brier,0.25,0.0,0.25,0.25,5,repeated_seed_t
high_cost,dummy,none,inf,,demographic_parity_difference,0.0,0.0,0.0,0.0,5,repeated_seed_t
high_cost,dummy,none,inf,,ece,0.026865671641791045,0.016135633067492276,0.00683063697365972,0.046900706309922366,5,repeated_seed_t
high_cost,dummy,none,inf,,equalized_odds_difference,0.0,0.0,0.0,0.0,5,repeated_seed_t
high_cost,dummy,none,inf,,f1,0.6621297468554956,0.030205546268927335,0.6246246075072905,0.6996348862037007,5,repeated_seed_t
high_cost,dummy,none,inf,,fpr_group_female,1.0,0.0,1.0,1.0,5,repeated_seed_t
high_cost,dummy,none,inf,,fpr_group_male,1.0,0.0,1.0,1.0,5,repeated_seed_t
high_cost,dummy,none,inf,,group_size_female,130.4,7.602631123499284,120.96008664232751,139.83991335767251,5,repeated_seed_t
high_cost,dummy,none,inf,,group_size_male,137.6,7.602631123499284,128.16008664232749,147.0399133576725,5,repeated_seed_t
high_cost,dummy,none,inf,,macro_f1,0.3310648734277478,0.015102773134463668,0.31231230375364527,0.34981744310185037,5,repeated_seed_t
high_cost,dummy,none,inf,,pr_auc,0.4955223880597016,0.03372688518948259,0.45364492894836933,0.5373998471710338,5,repeated_seed_t
high_cost,dummy,none,inf,,precision,0.4955223880597016,0.03372688518948259,0.45364492894836933,0.5373998471710338,5,repeated_seed_t
high_cost,dummy,none,inf,,recall,1.0,0.0,1.0,1.0,5,repeated_seed_t
high_cost,dummy,none,inf,,roc_auc,0.5,0.0,0.5,0.5,5,repeated_seed_t
high_cost,dummy,none,inf,,threshold,0.5,0.0,0.5,0.5,5,repeated_seed_t
high_cost,dummy,none,inf,,tpr_group_female,1.0,0.0,1.0,1.0,5,repeated_seed_t
high_cost,dummy,none,inf,,tpr_group_male,1.0,0.0,1.0,1.0,5,repeated_seed_t
high_cost,gradient_boosting,none,inf,,accuracy,0.9343283582089551,0.012543086801471346,0.9187540589012233,0.9499026575166869,5,repeated_seed_t
high_cost,gradient_boosting,none,inf,,brier,0.06159136886940053,0.007287920810107195,0.05254221997773042,0.07064051776107065,5,repeated_seed_t
high_cost,gradient_boosting,none,inf,,demographic_parity_difference,0.043528805464747036,0.035956190503016704,-0.0011167017954048994,0.08817431272489898,5,repeated_seed_t
high_cost,gradient_boosting,none,inf,,ece,0.05476044212642721,0.011030841588393566,0.041063843256230095,0.06845704099662432,5,repeated_seed_t
high_cost,gradient_boosting,none,inf,,equalized_odds_difference,0.07156724704851151,0.050269805536379504,0.009149039317284828,0.1339854547797382,5,repeated_seed_t
high_cost,gradient_boosting,none,inf,,f1,0.9299459172048652,0.0130225231181629,0.9137763190832661,0.9461155153264643,5,repeated_seed_t
high_cost,gradient_boosting,none,inf,,fpr_group_female,0.012439729990356798,0.01707554783950721,-0.00876236301156537,0.03364182299227897,5,repeated_seed_t
high_cost,gradient_boosting,none,inf,,fpr_group_male,0.014833909198921816,0.01142622955379328,0.0006463713267648389,0.029021447071078794,5,repeated_seed_t
high_cost,gradient_boosting,none,inf,,group_size_female,130.4,7.602631123499284,120.96008664232751,139.83991335767251,5,repeated_seed_t
high_cost,gradient_boosting,none,inf,,group_size_male,137.6,7.602631123499284,128.16008664232749,147.0399133576725,5,repeated_seed_t
high_cost,gradient_boosting,none,inf,,macro_f1,0.9339113249674227,0.012376490061803467,0.9185438828335546,0.9492787671012908,5,repeated_seed_t
high_cost,gradient_boosting,none,inf,,pr_auc,0.9691214535948592,0.00526406379486656,0.9625852550965256,0.9756576520931929,5,repeated_seed_t
high_cost,gradient_boosting,none,inf,,precision,0.9846357474287425,0.007671505067453425,0.9751103157744478,0.9941611790830371,5,repeated_seed_t
high_cost,gradient_boosting,none,inf,,recall,0.8811559174505301,0.020050098108981736,0.8562604324681541,0.9060514024329062,5,repeated_seed_t
high_cost,gradient_boosting,none,inf,,roc_auc,0.953450060291941,0.010104642175548049,0.9409034898878317,0.9659966306960504,5,repeated_seed_t
high_cost,gradient_boosting,none,inf,,threshold,0.7448372693467341,0.0944588346723921,0.6275511350217434,0.8621234036717248,5,repeated_seed_t
high_cost,gradient_boosting,none,inf,,tpr_group_female,0.8999820169492422,0.040881371235771624,0.8492210900885816,0.9507429438099028,5,repeated_seed_t
high_cost,gradient_boosting,none,inf,,tpr_group_male,0.8624847176429251,0.04987627268074436,0.8005551454906509,0.9244142897951994,5,repeated_seed_t
high_cost,logistic,none,inf,,accuracy,0.917910447761194,0.015156788068350668,0.8990908096883187,0.9367300858340694,5,repeated_seed_t
high_cost,logistic,none,inf,,brier,0.08183971626976953,0.012657203196237612,0.06612372274305167,0.0975557097964874,5,repeated_seed_t
high_cost,logistic,none,inf,,demographic_parity_difference,0.05433013966270054,0.02549763039069237,0.022670649967071646,0.08598962935832943,5,repeated_seed_t
high_cost,logistic,none,inf,,ece,0.10984061612991872,0.013904909454516131,0.0925753906619629,0.12710584159787452,5,repeated_seed_t
high_cost,logistic,none,inf,,equalized_odds_difference,0.0955436062004905,0.03992995370106298,0.04596402023993745,0.14512319216104355,5,repeated_seed_t
high_cost,logistic,none,inf,,f1,0.9132513509653414,0.01463194449699735,0.8950833922597041,0.9314193096709786,5,repeated_seed_t
high_cost,logistic,none,inf,,fpr_group_female,0.04277026692229409,0.04085793935638102,-0.007961565417316893,0.09350209926190507,5,repeated_seed_t
high_cost,logistic,none,inf,,fpr_group_male,0.037069214310593616,0.028591799313523146,0.0015678064591248264,0.0725706221620624,5,repeated_seed_t
high_cost,logistic,none,inf,,group_size_female,130.4,7.602631123499284,120.96008664232751,139.83991335767251,5,repeated_seed_t
high_cost,logistic,none,inf,,group_size_male,137.6,7.602631123499284,128.16008664232749,147.0399133576725,5,repeated_seed_t
high_cost,logistic,none,inf,,macro_f1,0.9172308825001474,0.014928912367272255,0.8986941894813665,0.9357675755189283,5,repeated_seed_t
high_cost,logistic,none,inf,,pr_auc,0.9639551412713085,0.010305261125426521,0.9511594695397776,0.9767508130028395,5,repeated_seed_t
high_cost,logistic,none,inf,,precision,0.9593768147502905,0.02688413520754696,0.9259957519402371,0.9927578775603438,5,repeated_seed_t
high_cost,logistic,none,inf,,recall,0.8725197625457882,0.03310048479775169,0.831420082249329,0.9136194428422475,5,repeated_seed_t
high_cost,logistic,none,inf,,roc_auc,0.9444832731300024,0.014396073879365688,0.9266081864785124,0.9623583597814923,5,repeated_seed_t
high_cost,logistic,none,inf,,threshold,0.6009467447236181,0.052735984514186166,0.535466371342522,0.6664271181047142,5,repeated_seed_t
high_cost,logistic,none,inf,,tpr_group_female,0.8907887882223446,0.07895611137578681,0.7927518272888635,0.9888257491558258,5,repeated_seed_t
high_cost,logistic,none,inf,,tpr_group_male,0.8526760838428327,0.04136376972935672,0.8013161801398998,0.9040359875457655,5,repeated_seed_t
high_cost,neural,none,inf,,accuracy,0.9477611940298509,0.009139887099937212,0.9364125252702119,0.95910986278949,5,repeated_seed_t
high_cost,neural,none,inf,,brier,0.05266476720571518,0.009990750241386988,0.04025961231593939,0.06506992209549098,5,repeated_seed_t
high_cost,neural,none,inf,,demographic_parity_difference,0.037548485540946544,0.03471500181745032,-0.005555882413359754,0.08065285349525284,5,repeated_seed_t
high_cost,neural,none,inf,,ece,0.040293146814080645,0.01565814979569068,0.020850985934289905,0.059735307693871385,5,repeated_seed_t
high_cost,neural,none,inf,,equalized_odds_difference,0.06714630577090977,0.025973126047848686,0.034896410236487645,0.09939620130533189,5,repeated_seed_t
high_cost,neural,none,inf,,f1,0.9447928383550572,0.00949221036695698,0.9330067024790302,0.9565789742310843,5,repeated_seed_t
high_cost,neural,none,inf,,fpr_group_female,0.012191344496069666,0.012452117013017508,-0.0032700009004147657,0.027652689892554098,5,repeated_seed_t
high_cost,neural,none,inf,,fpr_group_male,0.005613627564847077,0.00779598550739538,-0.004066366970204072,0.015293622099898225,5,repeated_seed_t
high_cost,neural,none,inf,,group_size_female,130.4,7.602631123499284,120.96008664232751,139.83991335767251,5,repeated_seed_t
high_cost,neural,none,inf,,group_size_male,137.6,7.602631123499284,128.16008664232749,147.0399133576725,5,repeated_seed_t
high_cost,neural,none,inf,,macro_f1,0.9474639093009822,0.009063568017763346,0.9362100031980545,0.95871781540391,5,repeated_seed_t
high_cost,neural,none,inf,,mia_loss_threshold_auc,0.505605733017157,0.011742632910402735,0.4910253284881873,0.5201861375461269,5,repeated_seed_t
high_cost,neural,none,inf,,mia_tpr_at_fpr_0.01,0.009813084112149532,0.007687235456243972,0.00026812060041590466,0.01935804762388316,5,repeated_seed_t
high_cost,neural,none,inf,,pr_auc,0.9700037807490738,0.007570715002052825,0.9606034964903637,0.9794040650077839,5,repeated_seed_t
high_cost,neural,none,inf,,precision,0.9899504453618014,0.004298816426508627,0.9846127597701188,0.9952881309534841,5,repeated_seed_t
high_cost,neural,none,inf,,recall,0.9036963250022116,0.016623208302948653,0.8830558857177984,0.9243367642866249,5,repeated_seed_t
high_cost,neural,none,inf,,roc_auc,0.9517276724472901,0.012301212809520163,0.9364536993674659,0.9670016455271142,5,repeated_seed_t
high_cost,neural,none,inf,,threshold,0.6003029968271303,0.036014690871282236,0.5555848517658214,0.6450211418884392,5,repeated_seed_t
high_cost,neural,none,inf,,tpr_group_female,0.924446671232008,0.030117809050989628,0.8870504720286186,0.9618428704353973,5,repeated_seed_t
high_cost,neural,none,inf,,tpr_group_male,0.8825425754637166,0.0405812255819218,0.8321543286556587,0.9329308222717745,5,repeated_seed_t
high_cost,svm,none,inf,,accuracy,0.9253731343283583,0.00951309610744923,0.9135610653802863,0.9371852032764304,5,repeated_seed_t
high_cost,svm,none,inf,,brier,0.06340146822871455,0.012071109194157242,0.04841320652394305,0.07838972993348604,5,repeated_seed_t
high_cost,svm,none,inf,,demographic_parity_difference,0.05060991772953412,0.029182908542854297,0.01437455082899887,0.08684528463006937,5,repeated_seed_t
high_cost,svm,none,inf,,ece,0.06055258589080623,0.009207902659495833,0.049119464659545566,0.07198570712206691,5,repeated_seed_t
high_cost,svm,none,inf,,equalized_odds_difference,0.0952452502112859,0.020776840746338385,0.0694473950601445,0.1210431053624273,5,repeated_seed_t
high_cost,svm,none,inf,,f1,0.9209730924428708,0.00845174960148041,0.9104788592408796,0.9314673256448621,5,repeated_seed_t
high_cost,svm,none,inf,,fpr_group_female,0.024809327605856052,0.023834631178224132,-0.0047852758386098156,0.054403931050321916,5,repeated_seed_t
high_cost,svm,none,inf,,fpr_group_male,0.03421207145345077,0.026738065588740676,0.0010123780303005411,0.067411764876601,5,repeated_seed_t
high_cost,svm,none,inf,,group_size_female,130.4,7.602631123499284,120.96008664232751,139.83991335767251,5,repeated_seed_t
high_cost,svm,none,inf,,group_size_male,137.6,7.602631123499284,128.16008664232749,147.0399133576725,5,repeated_seed_t
high_cost,svm,none,inf,,macro_f1,0.9248258050965461,0.009113104337814508,0.9135103915284073,0.9361412186646849,5,repeated_seed_t
high_cost,svm,none,inf,,pr_auc,0.9665584808497505,0.00904467731152307,0.9553280306566618,0.9777889310428391,5,repeated_seed_t
high_cost,svm,none,inf,,precision,0.9696440088678122,0.01885200941100083,0.9462361474883739,0.9930518702472505,5,repeated_seed_t
high_cost,svm,none,inf,,recall,0.877289309271713,0.015305493015285606,0.8582850296198737,0.8962935889235523,5,repeated_seed_t
high_cost,svm,none,inf,,roc_auc,0.9474237057644919,0.015201935030321244,0.9285480103343093,0.9662994011946744,5,repeated_seed_t
high_cost,svm,none,inf,,threshold,0.644102173869347,0.11412144173004923,0.5024016882500362,0.7858026594886578,5,repeated_seed_t
high_cost,svm,none,inf,,tpr_group_female,0.8955218776303567,0.056608968791687614,0.8252325591062778,0.9658111961544357,5,repeated_seed_t
high_cost,svm,none,inf,,tpr_group_male,0.857376099834379,0.043041902174530355,0.8039325194900564,0.9108196801787016,5,repeated_seed_t
smoker_with_charges_legacy,dpsgd,dpsgd,0.4926042171759174,1e-05,accuracy,0.9373134328358208,0.028588031805041686,0.9018167029639964,0.9728101627076452,5,repeated_seed_t
smoker_with_charges_legacy,dpsgd,dpsgd,0.4926042171759174,1e-05,achieved_epsilon,0.4926042171759174,0.0,0.4926042171759174,0.4926042171759174,5,repeated_seed_t
smoker_with_charges_legacy,dpsgd,dpsgd,0.4926042171759174,1e-05,brier,0.05103483088314533,0.018127607258662484,0.028526433576486893,0.07354322818980377,5,repeated_seed_t
smoker_with_charges_legacy,dpsgd,dpsgd,0.4926042171759174,1e-05,demographic_parity_difference,0.05293395734524005,0.02468318552487727,0.02228573451801566,0.08358218017246444,5,repeated_seed_t
smoker_with_charges_legacy,dpsgd,dpsgd,0.4926042171759174,1e-05,ece,0.05270821828482174,0.0138148063937689,0.03555487054352372,0.06986156602611976,5,repeated_seed_t
smoker_with_charges_legacy,dpsgd,dpsgd,0.4926042171759174,1e-05,equalized_odds_difference,0.08263325281761576,0.061043387413202504,0.006837876338237403,0.1584286292969941,5,repeated_seed_t
smoker_with_charges_legacy,dpsgd,dpsgd,0.4926042171759174,1e-05,f1,0.8531089057648901,0.06984096257254747,0.7663898969386613,0.9398279145911188,5,repeated_seed_t
smoker_with_charges_legacy,dpsgd,dpsgd,0.4926042171759174,1e-05,fpr_group_female,0.05237778297130423,0.022369034489163248,0.024602958171531897,0.08015260777107656,5,repeated_seed_t
smoker_with_charges_legacy,dpsgd,dpsgd,0.4926042171759174,1e-05,fpr_group_male,0.04934288329456458,0.031379319634586914,0.010380311816169517,0.08830545477295965,5,repeated_seed_t
smoker_with_charges_legacy,dpsgd,dpsgd,0.4926042171759174,1e-05,group_size_female,133.0,6.4031242374328485,125.0494711583537,140.9505288416463,5,repeated_seed_t
smoker_with_charges_legacy,dpsgd,dpsgd,0.4926042171759174,1e-05,group_size_male,135.0,6.4031242374328485,127.0494711583537,142.9505288416463,5,repeated_seed_t
smoker_with_charges_legacy,dpsgd,dpsgd,0.4926042171759174,1e-05,macro_f1,0.9066223722815241,0.04387703245216578,0.8521418407376516,0.9611029038253965,5,repeated_seed_t
smoker_with_charges_legacy,dpsgd,dpsgd,0.4926042171759174,1e-05,mia_loss_threshold_auc,0.49930560398939877,0.014890397852008798,0.4808167330576288,0.5177944749211687,5,repeated_seed_t
smoker_with_charges_legacy,dpsgd,dpsgd,0.4926042171759174,1e-05,mia_tpr_at_fpr_0.01,0.010981308411214953,0.005758765207414129,0.0038308569790603967,0.01813175984336951,5,repeated_seed_t
smoker_with_charges_legacy,dpsgd,dpsgd,0.4926042171759174,1e-05,noise_multiplier,11.5625,0.0,11.5625,11.5625,5,repeated_seed_t
smoker_with_charges_legacy,dpsgd,dpsgd,0.4926042171759174,1e-05,pr_auc,0.9309795704874938,0.029262309867989923,0.894645613820128,0.9673135271548596,5,repeated_seed_t
smoker_with_charges_legacy,dpsgd,dpsgd,0.4926042171759174,1e-05,precision,0.8173997211920355,0.06065465330820925,0.7420870218557012,0.8927124205283699,5,repeated_seed_t
smoker_with_charges_legacy,dpsgd,dpsgd,0.4926042171759174,1e-05,recall,0.8945454545454545,0.09655213125346727,0.7746601492181797,1.0144307598727293,5,repeated_seed_t
smoker_with_charges_legacy,dpsgd,dpsgd,0.4926042171759174,1e-05,roc_auc,0.980998719590269,0.010600816585694551,0.9678360672842506,0.9941613718962873,5,repeated_seed_t
smoker_with_charges_legacy,dpsgd,dpsgd,0.4926042171759174,1e-05,threshold,0.20380867453076892,0.1448130010506671,0.023999584654311734,0.3836177644072261,5,repeated_seed_t
smoker_with_charges_legacy,dpsgd,dpsgd,0.4926042171759174,1e-05,tpr_group_female,0.8532424242424244,0.11851156406555247,0.7060908817714089,1.0003939667134398,5,repeated_seed_t
smoker_with_charges_legacy,dpsgd,dpsgd,0.4926042171759174,1e-05,tpr_group_male,0.9268817204301076,0.08640706603857336,0.8195931773395959,1.0341702635206194,5,repeated_seed_t
smoker_with_charges_legacy,dpsgd,dpsgd,1.9979365212033011,1e-05,accuracy,0.9649253731343285,0.013349659567162945,0.9483495814615058,0.9815011648071511,5,repeated_seed_t
smoker_with_charges_legacy,dpsgd,dpsgd,1.9979365212033011,1e-05,achieved_epsilon,1.997936521203301,2.482534153247273e-16,1.9979365212033007,1.9979365212033011,5,repeated_seed_t
smoker_with_charges_legacy,dpsgd,dpsgd,1.9979365212033011,1e-05,brier,0.038181860372424124,0.01212547143554418,0.023126099029660806,0.05323762171518744,5,repeated_seed_t
smoker_with_charges_legacy,dpsgd,dpsgd,1.9979365212033011,1e-05,demographic_parity_difference,0.04418799645028738,0.017882309957874543,0.021984175970873886,0.06639181692970086,5,repeated_seed_t
smoker_with_charges_legacy,dpsgd,dpsgd,1.9979365212033011,1e-05,ece,0.05291654645785158,0.01227087829644055,0.03768023865082141,0.06815285426488174,5,repeated_seed_t
smoker_with_charges_legacy,dpsgd,dpsgd,1.9979365212033011,1e-05,equalized_odds_difference,0.019399376380778204,0.016521054901265254,-0.0011142227024707047,0.03991297546402711,5,repeated_seed_t
smoker_with_charges_legacy,dpsgd,dpsgd,1.9979365212033011,1e-05,f1,0.9213289715242408,0.028020751986860673,0.8865366125795593,0.9561213304689222,5,repeated_seed_t
smoker_with_charges_legacy,dpsgd,dpsgd,1.9979365212033011,1e-05,fpr_group_female,0.042208933546628954,0.009908884772135751,0.02990542806271848,0.05451243903053943,5,repeated_seed_t
smoker_with_charges_legacy,dpsgd,dpsgd,1.9979365212033011,1e-05,fpr_group_male,0.04198107671626315,0.023558138328356574,0.012729784489238592,0.07123236894328772,5,repeated_seed_t
smoker_with_charges_legacy,dpsgd,dpsgd,1.9979365212033011,1e-05,group_size_female,133.0,6.4031242374328485,125.0494711583537,140.9505288416463,5,repeated_seed_t
smoker_with_charges_legacy,dpsgd,dpsgd,1.9979365212033011,1e-05,group_size_male,135.0,6.4031242374328485,127.0494711583537,142.9505288416463,5,repeated_seed_t
smoker_with_charges_legacy,dpsgd,dpsgd,1.9979365212033011,1e-05,macro_f1,0.9493780065665003,0.018382633073510495,0.9265529528869325,0.9722030602460681,5,repeated_seed_t
smoker_with_charges_legacy,dpsgd,dpsgd,1.9979365212033011,1e-05,mia_loss_threshold_auc,0.5059819186776399,0.017800084012571014,0.48388019519422804,0.5280836421610516,5,repeated_seed_t
smoker_with_charges_legacy,dpsgd,dpsgd,1.9979365212033011,1e-05,mia_tpr_at_fpr_0.01,0.010514018691588784,0.006451729566114054,0.002503138363198173,0.018524899019979398,5,repeated_seed_t
smoker_with_charges_legacy,dpsgd,dpsgd,1.9979365212033011,1e-05,noise_multiplier,3.37890625,0.0,3.37890625,3.37890625,5,repeated_seed_t
smoker_with_charges_legacy,dpsgd,dpsgd,1.9979365212033011,1e-05,pr_auc,0.9420158198858907,0.021812396233153588,0.9149321527686285,0.9690994870031528,5,repeated_seed_t
smoker_with_charges_legacy,dpsgd,dpsgd,1.9979365212033011,1e-05,precision,0.860358822592735,0.04600440409287301,0.8032368102717967,0.9174808349136733,5,repeated_seed_t
smoker_with_charges_legacy,dpsgd,dpsgd,1.9979365212033011,1e-05,recall,0.9927272727272728,0.009958591954639388,0.9803620476243954,1.00509249783015,5,repeated_seed_t
smoker_with_charges_legacy,dpsgd,dpsgd,1.9979365212033011,1e-05,roc_auc,0.9865471617584294,0.005707238764247387,0.9794606888557105,0.9936336346611483,5,repeated_seed_t
smoker_with_charges_legacy,dpsgd,dpsgd,1.9979365212033011,1e-05,threshold,0.3211092613974412,0.14427972322787977,0.14196232339457954,0.500256199400303,5,repeated_seed_t
smoker_with_charges_legacy,dpsgd,dpsgd,1.9979365212033011,1e-05,tpr_group_female,0.992,0.017888543819998333,0.9697884391584176,1.0142115608415823,5,repeated_seed_t
smoker_with_charges_legacy,dpsgd,dpsgd,1.9979365212033011,1e-05,tpr_group_male,0.9933333333333334,0.014907119849998594,0.9748236992986814,1.0118429673679854,5,repeated_seed_t
smoker_with_charges_legacy,dpsgd,dpsgd,5.996399562124039,1e-05,accuracy,0.9641791044776118,0.013349659567162919,0.9476033128047892,0.9807548961504344,5,repeated_seed_t
smoker_with_charges_legacy,dpsgd,dpsgd,5.996399562124039,1e-05,achieved_epsilon,5.996399562124039,0.0,5.996399562124039,5.996399562124039,5,repeated_seed_t
smoker_with_charges_legacy,dpsgd,dpsgd,5.996399562124039,1e-05,brier,0.03719474636018276,0.012128092181764891,0.02213573093118875,0.05225376178917677,5,repeated_seed_t
smoker_with_charges_legacy,dpsgd,dpsgd,5.996399562124039,1e-05,demographic_parity_difference,0.043161047303574326,0.013644865469082302,0.026218709090281116,0.06010338551686754,5,repeated_seed_t
smoker_with_charges_legacy,dpsgd,dpsgd,5.996399562124039,1e-05,ece,0.05469800923431771,0.015038156957950587,0.03602567114029303,0.07337034732834238,5,repeated_seed_t
smoker_with_charges_legacy,dpsgd,dpsgd,5.996399562124039,1e-05,equalized_odds_difference,0.0215217208775375,0.01132235442429939,0.007463161013981839,0.03558028074109316,5,repeated_seed_t
smoker_with_charges_legacy,dpsgd,dpsgd,5.996399562124039,1e-05,f1,0.9196008918617615,0.02718751613325081,0.88584313187852,0.953358651845003,5,repeated_seed_t
smoker_with_charges_legacy,dpsgd,dpsgd,5.996399562124039,1e-05,fpr_group_female,0.04372215271515348,0.015057189355345887,0.02502618277848355,0.06241812265182341,5,repeated_seed_t
smoker_with_charges_legacy,dpsgd,dpsgd,5.996399562124039,1e-05,fpr_group_male,0.04040964814483458,0.024769103310408106,0.009654744296511163,0.07116455199315799,5,repeated_seed_t
smoker_with_charges_legacy,dpsgd,dpsgd,5.996399562124039,1e-05,group_size_female,133.0,6.4031242374328485,125.0494711583537,140.9505288416463,5,repeated_seed_t
smoker_with_charges_legacy,dpsgd,dpsgd,5.996399562124039,1e-05,group_size_male,135.0,6.4031242374328485,127.0494711583537,142.9505288416463,5,repeated_seed_t
smoker_with_charges_legacy,dpsgd,dpsgd,5.996399562124039,1e-05,macro_f1,0.9482735777031968,0.01799731016536309,0.9259269656063588,0.9706201898000347,5,repeated_seed_t
smoker_with_charges_legacy,dpsgd,dpsgd,5.996399562124039,1e-05,mia_loss_threshold_auc,0.5068929592690752,0.01777065788129986,0.48482777315346914,0.5289581453846812,5,repeated_seed_t
smoker_with_charges_legacy,dpsgd,dpsgd,5.996399562124039,1e-05,mia_tpr_at_fpr_0.01,0.007009345794392522,0.002978399248593916,0.003311174675136314,0.01070751691364873,5,repeated_seed_t
smoker_with_charges_legacy,dpsgd,dpsgd,5.996399562124039,1e-05,noise_multiplier,1.483154296875,0.0,1.483154296875,1.483154296875,5,repeated_seed_t
smoker_with_charges_legacy,dpsgd,dpsgd,5.996399562124039,1e-05,pr_auc,0.9404992701374757,0.019962030741386423,0.9157131352348594,0.965285405040092,5,repeated_seed_t
smoker_with_charges_legacy,dpsgd,dpsgd,5.996399562124039,1e-05,precision,0.8605671747607231,0.04894977478483188,0.7997880016902149,0.9213463478312313,5,repeated_seed_t
smoker_with_charges_legacy,dpsgd,dpsgd,5.996399562124039,1e-05,recall,0.989090909090909,0.016262312563634838,0.9688985810531069,1.0092832371287113,5,repeated_seed_t
smoker_with_charges_legacy,dpsgd,dpsgd,5.996399562124039,1e-05,roc_auc,0.986325224071703,0.005256927080397391,0.9797978869747911,0.9928525611686149,5,repeated_seed_t
smoker_with_charges_legacy,dpsgd,dpsgd,5.996399562124039,1e-05,threshold,0.3498756681554883,0.05738216739075388,0.2786262967674872,0.42112503954348945,5,repeated_seed_t
smoker_with_charges_legacy,dpsgd,dpsgd,5.996399562124039,1e-05,tpr_group_female,0.984,0.021908902300206666,0.9567965047736697,1.0112034952263302,5,repeated_seed_t
smoker_with_charges_legacy,dpsgd,dpsgd,5.996399562124039,1e-05,tpr_group_male,0.9933333333333334,0.014907119849998594,0.9748236992986814,1.0118429673679854,5,repeated_seed_t
smoker_with_charges_legacy,dummy,none,inf,,accuracy,0.20522388059701493,0.0,0.20522388059701493,0.20522388059701493,5,repeated_seed_t
smoker_with_charges_legacy,dummy,none,inf,,brier,0.16310765507122435,0.0,0.16310765507122435,0.16310765507122435,5,repeated_seed_t
smoker_with_charges_legacy,dummy,none,inf,,demographic_parity_difference,0.0,0.0,0.0,0.0,5,repeated_seed_t
smoker_with_charges_legacy,dummy,none,inf,,ece,0.000784628260566328,0.0,0.000784628260566328,0.000784628260566328,5,repeated_seed_t
smoker_with_charges_legacy,dummy,none,inf,,equalized_odds_difference,0.0,0.0,0.0,0.0,5,repeated_seed_t
smoker_with_charges_legacy,dummy,none,inf,,f1,0.34055727554179566,0.0,0.34055727554179566,0.34055727554179566,5,repeated_seed_t
smoker_with_charges_legacy,dummy,none,inf,,fpr_group_female,1.0,0.0,1.0,1.0,5,repeated_seed_t
smoker_with_charges_legacy,dummy,none,inf,,fpr_group_male,1.0,0.0,1.0,1.0,5,repeated_seed_t
smoker_with_charges_legacy,dummy,none,inf,,group_size_female,133.0,6.4031242374328485,125.0494711583537,140.9505288416463,5,repeated_seed_t
smoker_with_charges_legacy,dummy,none,inf,,group_size_male,135.0,6.4031242374328485,127.0494711583537,142.9505288416463,5,repeated_seed_t
smoker_with_charges_legacy,dummy,none,inf,,macro_f1,0.17027863777089783,0.0,0.17027863777089783,0.17027863777089783,5,repeated_seed_t
smoker_with_charges_legacy,dummy,none,inf,,pr_auc,0.20522388059701493,0.0,0.20522388059701493,0.20522388059701493,5,repeated_seed_t
smoker_with_charges_legacy,dummy,none,inf,,precision,0.20522388059701493,0.0,0.20522388059701493,0.20522388059701493,5,repeated_seed_t
smoker_with_charges_legacy,dummy,none,inf,,recall,1.0,0.0,1.0,1.0,5,repeated_seed_t
smoker_with_charges_legacy,dummy,none,inf,,roc_auc,0.5,0.0,0.5,0.5,5,repeated_seed_t
smoker_with_charges_legacy,dummy,none,inf,,threshold,0.20443899999999998,3.1031676915590914e-17,0.20443899999999995,0.204439,5,repeated_seed_t
smoker_with_charges_legacy,dummy,none,inf,,tpr_group_female,1.0,0.0,1.0,1.0,5,repeated_seed_t
smoker_with_charges_legacy,dummy,none,inf,,tpr_group_male,1.0,0.0,1.0,1.0,5,repeated_seed_t
smoker_with_charges_legacy,gradient_boosting,none,inf,,accuracy,0.9656716417910449,0.017777804850106885,0.9435975815415749,0.9877457020405149,5,repeated_seed_t
smoker_with_charges_legacy,gradient_boosting,none,inf,,brier,0.030202283269512097,0.0046327408210149945,0.02444997577904883,0.03595459075997536,5,repeated_seed_t
smoker_with_charges_legacy,gradient_boosting,none,inf,,demographic_parity_difference,0.038317651825618464,0.021865167516104976,0.011168460506176495,0.06546684314506043,5,repeated_seed_t
smoker_with_charges_legacy,gradient_boosting,none,inf,,ece,0.032295941471896086,0.0036065880414576207,0.027817770944465935,0.03677411199932624,5,repeated_seed_t
smoker_with_charges_legacy,gradient_boosting,none,inf,,equalized_odds_difference,0.04369004344590501,0.03398065539047948,0.0014974870121779726,0.08588259987963205,5,repeated_seed_t
smoker_with_charges_legacy,gradient_boosting,none,inf,,f1,0.9195619936371424,0.04185501422087479,0.8675921293347756,0.9715318579395092,5,repeated_seed_t
smoker_with_charges_legacy,gradient_boosting,none,inf,,fpr_group_female,0.03808588298522929,0.01459494110973244,0.019963870053370424,0.05620789591708815,5,repeated_seed_t
smoker_with_charges_legacy,gradient_boosting,none,inf,,fpr_group_male,0.02519291931051253,0.026116980174052843,-0.00723559471341036,0.057621433334435423,5,repeated_seed_t
smoker_with_charges_legacy,gradient_boosting,none,inf,,group_size_female,133.0,6.4031242374328485,125.0494711583537,140.9505288416463,5,repeated_seed_t
smoker_with_charges_legacy,gradient_boosting,none,inf,,group_size_male,135.0,6.4031242374328485,127.0494711583537,142.9505288416463,5,repeated_seed_t
smoker_with_charges_legacy,gradient_boosting,none,inf,,macro_f1,0.9488616695667165,0.026537377842749166,0.9159111628926445,0.9818121762407884,5,repeated_seed_t
smoker_with_charges_legacy,gradient_boosting,none,inf,,pr_auc,0.9690436100333836,0.004199054706795908,0.963829794977467,0.9742574250893001,5,repeated_seed_t
smoker_with_charges_legacy,gradient_boosting,none,inf,,precision,0.8880831880201641,0.05233036361685436,0.8231064595042039,0.9530599165361242,5,repeated_seed_t
smoker_with_charges_legacy,gradient_boosting,none,inf,,recall,0.9563636363636364,0.06111904114171497,0.8804743233732343,1.0322529493540387,5,repeated_seed_t
smoker_with_charges_legacy,gradient_boosting,none,inf,,roc_auc,0.9926248399487836,0.001325978151137088,0.9909784206161119,0.9942712592814553,5,repeated_seed_t
smoker_with_charges_legacy,gradient_boosting,none,inf,,threshold,0.11211979999999999,0.09714274261724341,-0.008498846194605655,0.23273844619460565,5,repeated_seed_t
smoker_with_charges_legacy,gradient_boosting,none,inf,,tpr_group_female,0.9436666666666665,0.08286870472151849,0.8407715794361788,1.0465617538971543,5,repeated_seed_t
smoker_with_charges_legacy,gradient_boosting,none,inf,,tpr_group_male,0.9670967741935483,0.04676863148242435,0.9090258482365629,1.0251677001505337,5,repeated_seed_t
smoker_with_charges_legacy,logistic,none,inf,,accuracy,0.9723880597014926,0.010081534392616652,0.9598701813995274,0.9849059380034577,5,repeated_seed_t
smoker_with_charges_legacy,logistic,none,inf,,brier,0.03644585546946234,0.007652865917049039,0.02694356737718192,0.04594814356174277,5,repeated_seed_t
smoker_with_charges_legacy,logistic,none,inf,,demographic_parity_difference,0.041845510159996616,0.019356967124249853,0.017810660967401727,0.06588035935259151,5,repeated_seed_t
smoker_with_charges_legacy,logistic,none,inf,,ece,0.057834759661429334,0.007659181129684017,0.04832463019697905,0.06734488912587962,5,repeated_seed_t
smoker_with_charges_legacy,logistic,none,inf,,equalized_odds_difference,0.02332445775754835,0.013986660878370182,0.0059577244897910595,0.04069119102530564,5,repeated_seed_t
smoker_with_charges_legacy,logistic,none,inf,,f1,0.9371476640830488,0.02105412031408037,0.9110055208752047,0.963289807290893,5,repeated_seed_t
smoker_with_charges_legacy,logistic,none,inf,,fpr_group_female,0.036478626002600226,0.007371033500778561,0.02732627907512963,0.04563097293007082,5,repeated_seed_t
smoker_with_charges_legacy,logistic,none,inf,,fpr_group_male,0.03087160199854101,0.023044406490753067,0.002258192098999783,0.05948501189808224,5,repeated_seed_t
smoker_with_charges_legacy,logistic,none,inf,,group_size_female,133.0,6.4031242374328485,125.0494711583537,140.9505288416463,5,repeated_seed_t
smoker_with_charges_legacy,logistic,none,inf,,group_size_male,135.0,6.4031242374328485,127.0494711583537,142.9505288416463,5,repeated_seed_t
smoker_with_charges_legacy,logistic,none,inf,,macro_f1,0.9597257092023705,0.013832788890578167,0.9425500332421867,0.9769013851625544,5,repeated_seed_t
smoker_with_charges_legacy,logistic,none,inf,,pr_auc,0.9371214317570598,0.02897994621695486,0.9011380758695855,0.973104787644534,5,repeated_seed_t
smoker_with_charges_legacy,logistic,none,inf,,precision,0.885259661502114,0.03747695607535726,0.838725874381079,0.931793448623149,5,repeated_seed_t
smoker_with_charges_legacy,logistic,none,inf,,recall,0.9963636363636365,0.008131156281817419,0.9862674723447353,1.0064598003825376,5,repeated_seed_t
smoker_with_charges_legacy,logistic,none,inf,,roc_auc,0.9864105847204439,0.005881342503715039,0.9791079334724753,0.9937132359684124,5,repeated_seed_t
smoker_with_charges_legacy,logistic,none,inf,,threshold,0.3184152974874384,0.042125355699797265,0.2661097599034724,0.3707208350714044,5,repeated_seed_t
smoker_with_charges_legacy,logistic,none,inf,,tpr_group_female,0.992,0.017888543819998333,0.9697884391584176,1.0142115608415823,5,repeated_seed_t
smoker_with_charges_legacy,logistic,none,inf,,tpr_group_male,1.0,0.0,1.0,1.0,5,repeated_seed_t
smoker_with_charges_legacy,neural,none,inf,,accuracy,0.9694029850746269,0.014784785638924594,0.9510452490256142,0.9877607211236396,5,repeated_seed_t
smoker_with_charges_legacy,neural,none,inf,,brier,0.033162214979529384,0.009753971534333149,0.02105105968584358,0.04527337027321519,5,repeated_seed_t
smoker_with_charges_legacy,neural,none,inf,,demographic_parity_difference,0.04167794939332596,0.024205792782411445,0.011622487947425146,0.07173341083922677,5,repeated_seed_t
smoker_with_charges_legacy,neural,none,inf,,ece,0.04833033424337842,0.016361654951294623,0.028014656339323523,0.06864601214743331,5,repeated_seed_t
smoker_with_charges_legacy,neural,none,inf,,equalized_odds_difference,0.019880795997017406,0.016749306148504617,-0.0009162144424737229,0.040677806436508535,5,repeated_seed_t
smoker_with_charges_legacy,neural,none,inf,,f1,0.9302243022065563,0.03273801603331465,0.8895746863253718,0.9708739180877407,5,repeated_seed_t
smoker_with_charges_legacy,neural,none,inf,,fpr_group_female,0.03833047785445207,0.008606052959758982,0.027644651727684398,0.04901630398121975,5,repeated_seed_t
smoker_with_charges_legacy,neural,none,inf,,fpr_group_male,0.032933457668644105,0.021126039750088102,0.0067020146863380654,0.05916490065095015,5,repeated_seed_t
smoker_with_charges_legacy,neural,none,inf,,group_size_female,133.0,6.4031242374328485,125.0494711583537,140.9505288416463,5,repeated_seed_t
smoker_with_charges_legacy,neural,none,inf,,group_size_male,135.0,6.4031242374328485,127.0494711583537,142.9505288416463,5,repeated_seed_t
smoker_with_charges_legacy,neural,none,inf,,macro_f1,0.9553142889269972,0.021141852792655336,0.9290632114590334,0.9815653663949611,5,repeated_seed_t
smoker_with_charges_legacy,neural,none,inf,,mia_loss_threshold_auc,0.5057700690472868,0.0133733249856577,0.4891648928763168,0.5223752452182568,5,repeated_seed_t
smoker_with_charges_legacy,neural,none,inf,,mia_tpr_at_fpr_0.01,0.002102803738317757,0.0029088550462590492,-0.0015090168486154494,0.005714624325250963,5,repeated_seed_t
smoker_with_charges_legacy,neural,none,inf,,pr_auc,0.9362524793970189,0.03519082689817469,0.8925572965705348,0.979947662223503,5,repeated_seed_t
smoker_with_charges_legacy,neural,none,inf,,precision,0.8781837316276766,0.04016093793796927,0.8283173408560044,0.9280501223993488,5,repeated_seed_t
smoker_with_charges_legacy,neural,none,inf,,recall,0.989090909090909,0.02439346884545226,0.9588024170342058,1.0193794011476123,5,repeated_seed_t
smoker_with_charges_legacy,neural,none,inf,,roc_auc,0.9863935125906957,0.006962677186525213,0.9777482069970727,0.9950388181843188,5,repeated_seed_t
smoker_with_charges_legacy,neural,none,inf,,threshold,0.3270908961344004,0.08609022391564088,0.22019576450104844,0.43398602776775236,5,repeated_seed_t
smoker_with_charges_legacy,neural,none,inf,,tpr_group_female,0.984,0.03577708763999662,0.9395768783168353,1.0284231216831647,5,repeated_seed_t
smoker_with_charges_legacy,neural,none,inf,,tpr_group_male,0.9933333333333334,0.014907119849998594,0.9748236992986814,1.0118429673679854,5,repeated_seed_t
smoker_with_charges_legacy,svm,none,inf,,accuracy,0.9649253731343285,0.013607897409560052,0.9480289368296275,0.9818218094390294,5,repeated_seed_t
smoker_with_charges_legacy,svm,none,inf,,brier,0.030957211360141172,0.008500159214642988,0.020402869684318994,0.04151155303596335,5,repeated_seed_t
smoker_with_charges_legacy,svm,none,inf,,demographic_parity_difference,0.04799210277530777,0.024233057674465222,0.017902787494528876,0.07808141805608666,5,repeated_seed_t
smoker_with_charges_legacy,svm,none,inf,,ece,0.027687812166536523,0.007361701818162741,0.018547052053412658,0.03682857227966039,5,repeated_seed_t
smoker_with_charges_legacy,svm,none,inf,,equalized_odds_difference,0.028116064486039614,0.014175678863638415,0.010514634390961751,0.04571749458111748,5,repeated_seed_t
smoker_with_charges_legacy,svm,none,inf,,f1,0.9201717373192656,0.029189385775886666,0.8839283278716661,0.9564151467668651,5,repeated_seed_t
smoker_with_charges_legacy,svm,none,inf,,fpr_group_female,0.036443685401621885,0.011796980595356266,0.021795799308859602,0.05109157149438417,5,repeated_seed_t
smoker_with_charges_legacy,svm,none,inf,,fpr_group_male,0.04056674191017577,0.023910849790109337,0.01087750055933898,0.07025598326101257,5,repeated_seed_t
smoker_with_charges_legacy,svm,none,inf,,group_size_female,133.0,6.4031242374328485,125.0494711583537,140.9505288416463,5,repeated_seed_t
smoker_with_charges_legacy,svm,none,inf,,group_size_male,135.0,6.4031242374328485,127.0494711583537,142.9505288416463,5,repeated_seed_t
smoker_with_charges_legacy,svm,none,inf,,macro_f1,0.9488465783919604,0.019023606850811132,0.9252256506493257,0.9724675061345951,5,repeated_seed_t
smoker_with_charges_legacy,svm,none,inf,,pr_auc,0.8786239025842224,0.07432988395971256,0.7863311616807839,0.9709166434876609,5,repeated_seed_t
smoker_with_charges_legacy,svm,none,inf,,precision,0.8693801719513348,0.04533093956831931,0.8130943762846022,0.9256659676180673,5,repeated_seed_t
smoker_with_charges_legacy,svm,none,inf,,recall,0.9781818181818182,0.015212000482437742,0.9592936248421169,0.9970700115215194,5,repeated_seed_t
smoker_with_charges_legacy,svm,none,inf,,roc_auc,0.9832351685872812,0.009211557080553403,0.9717975097929591,0.9946728273816033,5,repeated_seed_t
smoker_with_charges_legacy,svm,none,inf,,threshold,0.2581935618090455,0.10358560085089583,0.12957505050018298,0.38681207311790805,5,repeated_seed_t
smoker_with_charges_legacy,svm,none,inf,,tpr_group_female,0.974909090909091,0.023012752483340716,0.9463349846509526,1.0034831971672293,5,repeated_seed_t
smoker_with_charges_legacy,svm,none,inf,,tpr_group_male,0.9802150537634409,0.018066436149883614,0.9577826104202833,1.0026474971065984,5,repeated_seed_t
smoker_without_charges,dpsgd,dpsgd,0.4926042171759174,1e-05,accuracy,0.23582089552238808,0.028096791935845834,0.20093412051062648,0.2707076705341497,5,repeated_seed_t
smoker_without_charges,dpsgd,dpsgd,0.4926042171759174,1e-05,achieved_epsilon,0.4926042171759174,0.0,0.4926042171759174,0.4926042171759174,5,repeated_seed_t
smoker_without_charges,dpsgd,dpsgd,0.4926042171759174,1e-05,brier,0.193022483587265,0.003716498990197203,0.1884078405917765,0.1976371265827535,5,repeated_seed_t
smoker_without_charges,dpsgd,dpsgd,0.4926042171759174,1e-05,demographic_parity_difference,0.05577849000032651,0.07404726211444555,-0.03616332953273806,0.14772030953339108,5,repeated_seed_t
smoker_without_charges,dpsgd,dpsgd,0.4926042171759174,1e-05,ece,0.169915484173158,0.011075999038440375,0.15616281492298706,0.18366815342332893,5,repeated_seed_t
smoker_without_charges,dpsgd,dpsgd,0.4926042171759174,1e-05,equalized_odds_difference,0.0948762873983251,0.0854404979512309,-0.011212102896320783,0.200964677692971,5,repeated_seed_t
smoker_without_charges,dpsgd,dpsgd,0.4926042171759174,1e-05,f1,0.33842171351299144,0.006871991235017918,0.32988900940049787,0.346954417625485,5,repeated_seed_t
smoker_without_charges,dpsgd,dpsgd,0.4926042171759174,1e-05,fpr_group_female,0.9349158441061796,0.08013119273342746,0.8354198269559556,1.0344118612564035,5,repeated_seed_t
smoker_without_charges,dpsgd,dpsgd,0.4926042171759174,1e-05,fpr_group_male,0.9622143315944742,0.0385916526836341,0.9142964658260221,1.0101321973629263,5,repeated_seed_t
smoker_without_charges,dpsgd,dpsgd,0.4926042171759174,1e-05,group_size_female,133.0,6.4031242374328485,125.0494711583537,140.9505288416463,5,repeated_seed_t
smoker_without_charges,dpsgd,dpsgd,0.4926042171759174,1e-05,group_size_male,135.0,6.4031242374328485,127.0494711583537,142.9505288416463,5,repeated_seed_t
smoker_without_charges,dpsgd,dpsgd,0.4926042171759174,1e-05,macro_f1,0.21526134017555484,0.03830842476818866,0.16769514831299762,0.2628275320381121,5,repeated_seed_t
smoker_without_charges,dpsgd,dpsgd,0.4926042171759174,1e-05,mia_loss_threshold_auc,0.49815961082438276,0.020437505821166116,0.47278309563316095,0.5235361260156046,5,repeated_seed_t
smoker_without_charges,dpsgd,dpsgd,0.4926042171759174,1e-05,mia_tpr_at_fpr_0.01,0.007009345794392522,0.007342175870313396,-0.0021071696522560104,0.016125861241041053,5,repeated_seed_t
smoker_without_charges,dpsgd,dpsgd,0.4926042171759174,1e-05,noise_multiplier,11.5625,0.0,11.5625,11.5625,5,repeated_seed_t
smoker_without_charges,dpsgd,dpsgd,0.4926042171759174,1e-05,pr_auc,0.20656349389608994,0.0264616061327419,0.1737070702264164,0.23941991756576347,5,repeated_seed_t
smoker_without_charges,dpsgd,dpsgd,0.4926042171759174,1e-05,precision,0.20582221947240154,0.0038603604473015063,0.20102894888489747,0.2106154900599056,5,repeated_seed_t
smoker_without_charges,dpsgd,dpsgd,0.4926042171759174,1e-05,recall,0.9527272727272728,0.04741238112874656,0.8938570260105926,1.0115975194439528,5,repeated_seed_t
smoker_without_charges,dpsgd,dpsgd,0.4926042171759174,1e-05,roc_auc,0.48615450277422106,0.028888299802204906,0.4502849409405063,0.5220240646079358,5,repeated_seed_t
smoker_without_charges,dpsgd,dpsgd,0.4926042171759174,1e-05,threshold,0.0038987738187743655,0.0058516744116944375,-0.0033670396274368096,0.01116458726498554,5,repeated_seed_t
smoker_without_charges,dpsgd,dpsgd,0.4926042171759174,1e-05,tpr_group_female,0.9294545454545455,0.11821258340816793,0.7826742365019638,1.0762348544071272,5,repeated_seed_t
smoker_without_charges,dpsgd,dpsgd,0.4926042171759174,1e-05,tpr_group_male,0.9677028347996091,0.032823446632670415,0.9269471428188596,1.0084585267803585,5,repeated_seed_t
smoker_without_charges,dpsgd,dpsgd,1.9979365212033011,1e-05,accuracy,0.2574626865671642,0.046604462674614926,0.19959560310846375,0.31532977002586465,5,repeated_seed_t
smoker_without_charges,dpsgd,dpsgd,1.9979365212033011,1e-05,achieved_epsilon,1.997936521203301,2.482534153247273e-16,1.9979365212033007,1.9979365212033011,5,repeated_seed_t
smoker_without_charges,dpsgd,dpsgd,1.9979365212033011,1e-05,brier,0.18196060061454772,0.0022607702905787425,0.17915348353652744,0.184767717692568,5,repeated_seed_t
smoker_without_charges,dpsgd,dpsgd,1.9979365212033011,1e-05,demographic_parity_difference,0.13024688232749665,0.0966996361423665,0.01017842549011666,0.25031533916487664,5,repeated_seed_t
smoker_without_charges,dpsgd,dpsgd,1.9979365212033011,1e-05,ece,0.13723306995886028,0.004639274133528095,0.13147265028946048,0.14299348962826008,5,repeated_seed_t
smoker_without_charges,dpsgd,dpsgd,1.9979365212033011,1e-05,equalized_odds_difference,0.15951781970649895,0.09377874969197106,0.04307612241741614,0.27595951699558174,5,repeated_seed_t
smoker_without_charges,dpsgd,dpsgd,1.9979365212033011,1e-05,f1,0.34080340291043115,0.008514715473227621,0.3302309872523759,0.35137581856848643,5,repeated_seed_t
smoker_without_charges,dpsgd,dpsgd,1.9979365212033011,1e-05,fpr_group_female,0.8569974970677784,0.11130775220776495,0.7187906684304111,0.9952043257051457,5,repeated_seed_t
smoker_without_charges,dpsgd,dpsgd,1.9979365212033011,1e-05,fpr_group_male,0.9819050073637703,0.022358477687105804,0.9541432905650489,1.0096667241624917,5,repeated_seed_t
smoker_without_charges,dpsgd,dpsgd,1.9979365212033011,1e-05,group_size_female,133.0,6.4031242374328485,125.0494711583537,140.9505288416463,5,repeated_seed_t
smoker_without_charges,dpsgd,dpsgd,1.9979365212033011,1e-05,group_size_male,135.0,6.4031242374328485,127.0494711583537,142.9505288416463,5,repeated_seed_t
smoker_without_charges,dpsgd,dpsgd,1.9979365212033011,1e-05,macro_f1,0.24240689036478374,0.05667604204412338,0.17203428939791288,0.3127794913316546,5,repeated_seed_t
smoker_without_charges,dpsgd,dpsgd,1.9979365212033011,1e-05,mia_loss_threshold_auc,0.5038407553354721,0.012038881747999096,0.4888925092903492,0.518789001380595,5,repeated_seed_t
smoker_without_charges,dpsgd,dpsgd,1.9979365212033011,1e-05,mia_tpr_at_fpr_0.01,0.00514018691588785,0.0029322197191614797,0.0014993552557818882,0.008781018575993811,5,repeated_seed_t
smoker_without_charges,dpsgd,dpsgd,1.9979365212033011,1e-05,noise_multiplier,3.37890625,0.0,3.37890625,3.37890625,5,repeated_seed_t
smoker_without_charges,dpsgd,dpsgd,1.9979365212033011,1e-05,pr_auc,0.22803375773550805,0.03270809347270829,0.18742129562056264,0.26864621985045345,5,repeated_seed_t
smoker_without_charges,dpsgd,dpsgd,1.9979365212033011,1e-05,precision,0.208557032926104,0.007072279764830203,0.19977563775688936,0.21733842809531864,5,repeated_seed_t
smoker_without_charges,dpsgd,dpsgd,1.9979365212033011,1e-05,recall,0.9345454545454543,0.04741238112874655,0.8756752078287742,0.9934157012621345,5,repeated_seed_t
smoker_without_charges,dpsgd,dpsgd,1.9979365212033011,1e-05,roc_auc,0.5253862569355527,0.03588367657120181,0.4808307876139036,0.569941726257202,5,repeated_seed_t
smoker_without_charges,dpsgd,dpsgd,1.9979365212033011,1e-05,threshold,0.029080500281486076,0.006733933179741682,0.020719217885891032,0.03744178267708112,5,repeated_seed_t
smoker_without_charges,dpsgd,dpsgd,1.9979365212033011,1e-05,tpr_group_female,0.8527272727272728,0.10362041344563641,0.7240655358728367,0.9813890095817088,5,repeated_seed_t
smoker_without_charges,dpsgd,dpsgd,1.9979365212033011,1e-05,tpr_group_male,1.0,0.0,1.0,1.0,5,repeated_seed_t
smoker_without_charges,dpsgd,dpsgd,5.996399562124039,1e-05,accuracy,0.27089552238805975,0.040412359900186004,0.22071695001754532,0.3210740947585742,5,repeated_seed_t
smoker_without_charges,dpsgd,dpsgd,5.996399562124039,1e-05,achieved_epsilon,5.996399562124039,0.0,5.996399562124039,5.996399562124039,5,repeated_seed_t
smoker_without_charges,dpsgd,dpsgd,5.996399562124039,1e-05,brier,0.1793600380420685,0.002013811943703642,0.17685956025241892,0.18186051583171806,5,repeated_seed_t
smoker_without_charges,dpsgd,dpsgd,5.996399562124039,1e-05,demographic_parity_difference,0.20665690462766118,0.12586904570571172,0.05036984208661485,0.36294396716870747,5,repeated_seed_t
smoker_without_charges,dpsgd,dpsgd,5.996399562124039,1e-05,ece,0.12795840138569475,0.0023863038463272433,0.12499541381093504,0.13092138896045447,5,repeated_seed_t
smoker_without_charges,dpsgd,dpsgd,5.996399562124039,1e-05,equalized_odds_difference,0.22924592459245918,0.12765501339364185,0.07074129027135478,0.3877505589135636,5,repeated_seed_t
smoker_without_charges,dpsgd,dpsgd,5.996399562124039,1e-05,f1,0.33660410802263196,0.005576046447544974,0.3296805318964034,0.34352768414886053,5,repeated_seed_t
smoker_without_charges,dpsgd,dpsgd,5.996399562124039,1e-05,fpr_group_female,0.7924279644758483,0.12709686089299396,0.6346163680203059,0.9502395609313907,5,repeated_seed_t
smoker_without_charges,dpsgd,dpsgd,5.996399562124039,1e-05,fpr_group_male,0.9959381443298969,0.005562999700805836,0.989030767879388,1.002845520780406,5,repeated_seed_t
smoker_without_charges,dpsgd,dpsgd,5.996399562124039,1e-05,group_size_female,133.0,6.4031242374328485,125.0494711583537,140.9505288416463,5,repeated_seed_t
smoker_without_charges,dpsgd,dpsgd,5.996399562124039,1e-05,group_size_male,135.0,6.4031242374328485,127.0494711583537,142.9505288416463,5,repeated_seed_t
smoker_without_charges,dpsgd,dpsgd,5.996399562124039,1e-05,macro_f1,0.26049616452632984,0.052141457169660746,0.19575399434487856,0.32523833470778113,5,repeated_seed_t
smoker_without_charges,dpsgd,dpsgd,5.996399562124039,1e-05,mia_loss_threshold_auc,0.5038185242014228,0.010405689213395358,0.49089815452865254,0.516738893874193,5,repeated_seed_t
smoker_without_charges,dpsgd,dpsgd,5.996399562124039,1e-05,mia_tpr_at_fpr_0.01,0.005841121495327103,0.0008260593238160603,0.004815433372564155,0.00686680961809005,5,repeated_seed_t
smoker_without_charges,dpsgd,dpsgd,5.996399562124039,1e-05,noise_multiplier,1.483154296875,0.0,1.483154296875,1.483154296875,5,repeated_seed_t
smoker_without_charges,dpsgd,dpsgd,5.996399562124039,1e-05,pr_auc,0.23807010777671644,0.03617068892219577,0.19315826555179824,0.2829819500016346,5,repeated_seed_t
smoker_without_charges,dpsgd,dpsgd,5.996399562124039,1e-05,precision,0.20708005803057733,0.0033615402509360784,0.20290615452247715,0.2112539615386775,5,repeated_seed_t
smoker_without_charges,dpsgd,dpsgd,5.996399562124039,1e-05,recall,0.9018181818181817,0.062456596499337,0.8242680744946157,0.9793682891417478,5,repeated_seed_t
smoker_without_charges,dpsgd,dpsgd,5.996399562124039,1e-05,roc_auc,0.5356295347844645,0.03329859169710954,0.4942838722832768,0.5769751972856522,5,repeated_seed_t
smoker_without_charges,dpsgd,dpsgd,5.996399562124039,1e-05,threshold,0.04098550490473383,0.006673652412819944,0.032699070967209615,0.04927193884225804,5,repeated_seed_t
smoker_without_charges,dpsgd,dpsgd,5.996399562124039,1e-05,tpr_group_female,0.7796363636363637,0.13551493467755188,0.6113723480283126,0.9479003792444147,5,repeated_seed_t
smoker_without_charges,dpsgd,dpsgd,5.996399562124039,1e-05,tpr_group_male,1.0,0.0,1.0,1.0,5,repeated_seed_t
smoker_without_charges,dummy,none,inf,,accuracy,0.20522388059701493,0.0,0.20522388059701493,0.20522388059701493,5,repeated_seed_t
smoker_without_charges,dummy,none,inf,,brier,0.16310765507122435,0.0,0.16310765507122435,0.16310765507122435,5,repeated_seed_t
smoker_without_charges,dummy,none,inf,,demographic_parity_difference,0.0,0.0,0.0,0.0,5,repeated_seed_t
smoker_without_charges,dummy,none,inf,,ece,0.000784628260566328,0.0,0.000784628260566328,0.000784628260566328,5,repeated_seed_t
smoker_without_charges,dummy,none,inf,,equalized_odds_difference,0.0,0.0,0.0,0.0,5,repeated_seed_t
smoker_without_charges,dummy,none,inf,,f1,0.34055727554179566,0.0,0.34055727554179566,0.34055727554179566,5,repeated_seed_t
smoker_without_charges,dummy,none,inf,,fpr_group_female,1.0,0.0,1.0,1.0,5,repeated_seed_t
smoker_without_charges,dummy,none,inf,,fpr_group_male,1.0,0.0,1.0,1.0,5,repeated_seed_t
smoker_without_charges,dummy,none,inf,,group_size_female,133.0,6.4031242374328485,125.0494711583537,140.9505288416463,5,repeated_seed_t
smoker_without_charges,dummy,none,inf,,group_size_male,135.0,6.4031242374328485,127.0494711583537,142.9505288416463,5,repeated_seed_t
smoker_without_charges,dummy,none,inf,,macro_f1,0.17027863777089783,0.0,0.17027863777089783,0.17027863777089783,5,repeated_seed_t
smoker_without_charges,dummy,none,inf,,pr_auc,0.20522388059701493,0.0,0.20522388059701493,0.20522388059701493,5,repeated_seed_t
smoker_without_charges,dummy,none,inf,,precision,0.20522388059701493,0.0,0.20522388059701493,0.20522388059701493,5,repeated_seed_t
smoker_without_charges,dummy,none,inf,,recall,1.0,0.0,1.0,1.0,5,repeated_seed_t
smoker_without_charges,dummy,none,inf,,roc_auc,0.5,0.0,0.5,0.5,5,repeated_seed_t
smoker_without_charges,dummy,none,inf,,threshold,0.20443899999999998,3.1031676915590914e-17,0.20443899999999995,0.204439,5,repeated_seed_t
smoker_without_charges,dummy,none,inf,,tpr_group_female,1.0,0.0,1.0,1.0,5,repeated_seed_t
smoker_without_charges,dummy,none,inf,,tpr_group_male,1.0,0.0,1.0,1.0,5,repeated_seed_t
smoker_without_charges,gradient_boosting,none,inf,,accuracy,0.3223880597014926,0.07749165477960304,0.22616946180042485,0.41860665760256033,5,repeated_seed_t
smoker_without_charges,gradient_boosting,none,inf,,brier,0.19508708433896133,0.008917583405997555,0.18401444207275486,0.2061597266051678,5,repeated_seed_t
smoker_without_charges,gradient_boosting,none,inf,,demographic_parity_difference,0.12781306660216016,0.0808041548908911,0.02748145656886007,0.22814467663546023,5,repeated_seed_t
smoker_without_charges,gradient_boosting,none,inf,,ece,0.14365654579976414,0.01248831186416524,0.12815025855968923,0.15916283303983905,5,repeated_seed_t
smoker_without_charges,gradient_boosting,none,inf,,equalized_odds_difference,0.13818933256884813,0.07386934059725185,0.04646843177818877,0.2299102333595075,5,repeated_seed_t
smoker_without_charges,gradient_boosting,none,inf,,f1,0.3401359200854087,0.012893409173454882,0.32412663810061965,0.3561452020701978,5,repeated_seed_t
smoker_without_charges,gradient_boosting,none,inf,,fpr_group_female,0.7505456864934617,0.1567176468714758,0.5559550264899394,0.9451363464969839,5,repeated_seed_t
smoker_without_charges,gradient_boosting,none,inf,,fpr_group_male,0.8827152170821118,0.0850699906617168,0.7770868723499276,0.988343561814296,5,repeated_seed_t
smoker_without_charges,gradient_boosting,none,inf,,group_size_female,133.0,6.4031242374328485,125.0494711583537,140.9505288416463,5,repeated_seed_t
smoker_without_charges,gradient_boosting,none,inf,,group_size_male,135.0,6.4031242374328485,127.0494711583537,142.9505288416463,5,repeated_seed_t
smoker_without_charges,gradient_boosting,none,inf,,macro_f1,0.313809094718455,0.08774545123986571,0.2048587269077699,0.42275946252914004,5,repeated_seed_t
smoker_without_charges,gradient_boosting,none,inf,,pr_auc,0.2281600428207997,0.023323915843354213,0.1991995762209724,0.25712050942062703,5,repeated_seed_t
smoker_without_charges,gradient_boosting,none,inf,,precision,0.21320481896066285,0.009972636078922934,0.20082215577427628,0.2255874821470494,5,repeated_seed_t
smoker_without_charges,gradient_boosting,none,inf,,recall,0.850909090909091,0.09908673886137243,0.727876654565507,0.9739415272526749,5,repeated_seed_t
smoker_without_charges,gradient_boosting,none,inf,,roc_auc,0.5282799829278703,0.022881701687309276,0.4998685977251,0.5566913681306405,5,repeated_seed_t
smoker_without_charges,gradient_boosting,none,inf,,threshold,0.027926873366834172,0.01904769793154063,0.004276032596579864,0.051577714137088476,5,repeated_seed_t
smoker_without_charges,gradient_boosting,none,inf,,tpr_group_female,0.794060606060606,0.13642853674433433,0.6246622036575467,0.9634590084636654,5,repeated_seed_t
smoker_without_charges,gradient_boosting,none,inf,,tpr_group_male,0.8960117302052787,0.07219069392353558,0.8063751445550773,0.9856483158554801,5,repeated_seed_t
smoker_without_charges,logistic,none,inf,,accuracy,0.3940298507462686,0.08535728117082354,0.288044787731901,0.5000149137606362,5,repeated_seed_t
smoker_without_charges,logistic,none,inf,,brier,0.164302957763659,0.002840858946699969,0.16077556548556657,0.16783035004175142,5,repeated_seed_t
smoker_without_charges,logistic,none,inf,,demographic_parity_difference,0.5047878057861659,0.19763481603897642,0.25939176991894497,0.7501838416533868,5,repeated_seed_t
smoker_without_charges,logistic,none,inf,,ece,0.029753887613360636,0.022335455551033234,0.0020207565721622536,0.05748701865455902,5,repeated_seed_t
smoker_without_charges,logistic,none,inf,,equalized_odds_difference,0.5446803867126265,0.22159537720124362,0.2695333846734591,0.819827388751794,5,repeated_seed_t
smoker_without_charges,logistic,none,inf,,f1,0.3380383264886124,0.022694318627760317,0.3098596080847573,0.3662170448924674,5,repeated_seed_t
smoker_without_charges,logistic,none,inf,,fpr_group_female,0.4465500563736627,0.23176347876855963,0.15877768868827974,0.7343224240590456,5,repeated_seed_t
smoker_without_charges,logistic,none,inf,,fpr_group_male,0.9595914828018113,0.06187538686599941,0.8827630425553697,1.0364199230482527,5,repeated_seed_t
smoker_without_charges,logistic,none,inf,,group_size_female,133.0,6.4031242374328485,125.0494711583537,140.9505288416463,5,repeated_seed_t
smoker_without_charges,logistic,none,inf,,group_size_male,135.0,6.4031242374328485,127.0494711583537,142.9505288416463,5,repeated_seed_t
smoker_without_charges,logistic,none,inf,,macro_f1,0.3813532088875652,0.0821650781926266,0.2793317893861835,0.48337462838894685,5,repeated_seed_t
smoker_without_charges,logistic,none,inf,,pr_auc,0.22904516561626745,0.02648917809470932,0.1961545068340591,0.2619358243984758,5,repeated_seed_t
smoker_without_charges,logistic,none,inf,,precision,0.21892868470360588,0.014656617979469613,0.20073008982307247,0.2371272795841393,5,repeated_seed_t
smoker_without_charges,logistic,none,inf,,recall,0.7563636363636363,0.13085857611233878,0.5938812535487382,0.9188460191785345,5,repeated_seed_t
smoker_without_charges,logistic,none,inf,,roc_auc,0.5366709346991037,0.03803511890097649,0.4894440968923616,0.5838977725058456,5,repeated_seed_t
smoker_without_charges,logistic,none,inf,,threshold,0.16238447236180906,0.02157901565828591,0.13559058550224015,0.18917835922137796,5,repeated_seed_t
smoker_without_charges,logistic,none,inf,,tpr_group_female,0.4916363636363636,0.2491526134588767,0.18227253344609778,0.8010001938266293,5,repeated_seed_t
smoker_without_charges,logistic,none,inf,,tpr_group_male,0.9624242424242425,0.0549480094867546,0.8941972772715805,1.0306512075769045,5,repeated_seed_t
smoker_without_charges,neural,none,inf,,accuracy,0.3567164179104477,0.13847758459266232,0.18477378656352264,0.5286590492573728,5,repeated_seed_t
smoker_without_charges,neural,none,inf,,brier,0.16407875418663026,0.002808005307969404,0.16059215508895958,0.16756535328430094,5,repeated_seed_t
smoker_without_charges,neural,none,inf,,demographic_parity_difference,0.29922084486020994,0.2508659927754698,-0.012270426742736429,0.6107121164631564,5,repeated_seed_t
smoker_without_charges,neural,none,inf,,ece,0.041684644713775434,0.01386038781651163,0.024474700160870867,0.05889458926668,5,repeated_seed_t
smoker_without_charges,neural,none,inf,,equalized_odds_difference,0.33700134742723903,0.2859384704133745,-0.018038156986500242,0.6920408518409783,5,repeated_seed_t
smoker_without_charges,neural,none,inf,,f1,0.32756828789661824,0.035763410333934695,0.2831621488319831,0.3719744269612534,5,repeated_seed_t
smoker_without_charges,neural,none,inf,,fpr_group_female,0.6104530121542391,0.33972456220029046,0.18862925396460306,1.032276770343875,5,repeated_seed_t
smoker_without_charges,neural,none,inf,,fpr_group_male,0.9021416642579567,0.13293678360932878,0.7370788460132489,1.0672044825026645,5,repeated_seed_t
smoker_without_charges,neural,none,inf,,group_size_female,133.0,6.4031242374328485,125.0494711583537,140.9505288416463,5,repeated_seed_t
smoker_without_charges,neural,none,inf,,group_size_male,135.0,6.4031242374328485,127.0494711583537,142.9505288416463,5,repeated_seed_t
smoker_without_charges,neural,none,inf,,macro_f1,0.3287507908367719,0.1251164052684051,0.17339825483032154,0.4841033268432222,5,repeated_seed_t
smoker_without_charges,neural,none,inf,,mia_loss_threshold_auc,0.5049008752964151,0.00978121073794783,0.49275589806426123,0.517045852528569,5,repeated_seed_t
smoker_without_charges,neural,none,inf,,mia_tpr_at_fpr_0.01,0.009345794392523364,0.0047453495354182005,0.003453664715501626,0.015237924069545102,5,repeated_seed_t
smoker_without_charges,neural,none,inf,,pr_auc,0.23393755502115082,0.03366777650472976,0.1921334890356573,0.27574162100664434,5,repeated_seed_t
smoker_without_charges,neural,none,inf,,precision,0.21113413828985048,0.014283480089892305,0.19339885529317094,0.22886942128653,5,repeated_seed_t
smoker_without_charges,neural,none,inf,,recall,0.7818181818181819,0.24359565467225933,0.47935422729276095,1.0842821363436028,5,repeated_seed_t
smoker_without_charges,neural,none,inf,,roc_auc,0.5357661118224499,0.0408932079398613,0.48499048775246384,0.5865417358924361,5,repeated_seed_t
smoker_without_charges,neural,none,inf,,threshold,0.15869378762029523,0.04400474070336125,0.10405468533863979,0.21333288990195068,5,repeated_seed_t
smoker_without_charges,neural,none,inf,,tpr_group_female,0.6001515151515151,0.3985619524436833,0.10527148774839284,1.0950315425546373,5,repeated_seed_t
smoker_without_charges,neural,none,inf,,tpr_group_male,0.9270967741935484,0.12998839298219536,0.7656948664431936,1.0884986819439033,5,repeated_seed_t
smoker_without_charges,svm,none,inf,,accuracy,0.25597014925373135,0.0451322898931599,0.1999310097368991,0.3120092887705636,5,repeated_seed_t
smoker_without_charges,svm,none,inf,,brier,0.1631329815862475,0.00025726434186682597,0.16281354571492987,0.16345241745756514,5,repeated_seed_t
smoker_without_charges,svm,none,inf,,demographic_parity_difference,0.03959574885863826,0.022455367342121738,0.011713727663485149,0.06747777005379137,5,repeated_seed_t
smoker_without_charges,svm,none,inf,,ece,0.01599286827113654,0.020069855752385787,-0.00892714906574361,0.04091288560801669,5,repeated_seed_t
smoker_without_charges,svm,none,inf,,equalized_odds_difference,0.09449554095625905,0.05984497713658428,0.020188187372434954,0.16880289454008313,5,repeated_seed_t
smoker_without_charges,svm,none,inf,,f1,0.3300867649775491,0.018765303683585303,0.3067865629782807,0.35338696697681743,5,repeated_seed_t
smoker_without_charges,svm,none,inf,,fpr_group_female,0.9020066425030236,0.07302592265530254,0.8113329834063219,0.9926803015997254,5,repeated_seed_t
smoker_without_charges,svm,none,inf,,fpr_group_male,0.9197465555448503,0.1055911021356848,0.788637885492314,1.0508552255973866,5,repeated_seed_t
smoker_without_charges,svm,none,inf,,group_size_female,133.0,6.4031242374328485,125.0494711583537,140.9505288416463,5,repeated_seed_t
smoker_without_charges,svm,none,inf,,group_size_male,135.0,6.4031242374328485,127.0494711583537,142.9505288416463,5,repeated_seed_t
smoker_without_charges,svm,none,inf,,macro_f1,0.24038087888526927,0.055013175253189134,0.17207299974651008,0.30868875802402845,5,repeated_seed_t
smoker_without_charges,svm,none,inf,,pr_auc,0.20975643766987084,0.024427906154038816,0.17942518604690066,0.24008768929284102,5,repeated_seed_t
smoker_without_charges,svm,none,inf,,precision,0.20253921993163412,0.007544327899283567,0.19317169958844949,0.21190674027481876,5,repeated_seed_t
smoker_without_charges,svm,none,inf,,recall,0.8981818181818182,0.1210149912166817,0.7479218603451198,1.0484417760185165,5,repeated_seed_t
smoker_without_charges,svm,none,inf,,roc_auc,0.47775501493811356,0.05152383536291161,0.41377972351860826,0.5417303063576189,5,repeated_seed_t
smoker_without_charges,svm,none,inf,,threshold,0.1940506864321608,0.00845025164354986,0.18355831319060276,0.20454305967371886,5,repeated_seed_t
smoker_without_charges,svm,none,inf,,tpr_group_female,0.9436666666666665,0.10424596981285282,0.8142281989922109,1.0731051343411222,5,repeated_seed_t
smoker_without_charges,svm,none,inf,,tpr_group_male,0.8638514173998045,0.14266766561294197,0.6867061133004413,1.0409967214991678,5,repeated_seed_t
